epoch,train_loss,train_acc,test_loss,test_acc,epoch_time
0,1.3443103720769858,0.51858,1.12113340142407,0.5981,29.935372829437256
1,0.9581562222727119,0.66172,0.9616090112094637,0.6665,26.58691692352295
2,0.7814022497752743,0.72596,0.8272325283364405,0.7122,26.627807140350342
3,0.6507968869050751,0.77264,0.8269036619723598,0.7139,26.821290016174316
4,0.5472686985112212,0.80964,0.8263616305363329,0.7245,26.576943397521973
5,0.45711247443847947,0.83892,0.7594114625001256,0.7527,26.74748730659485
6,0.3746285048668342,0.86954,0.8295018552224848,0.7408,26.86916184425354
7,0.3069720602477603,0.893,0.9034448907345156,0.7359,26.69562554359436
8,0.24108588169602788,0.91502,0.9223783483988122,0.7472,26.558991193771362
9,0.19545360025771133,0.93108,0.9784018397331238,0.7536,26.59290099143982
10,0.16156975737275064,0.94302,1.0171122784856,0.7531,26.784388303756714
11,0.1373272242829623,0.95164,1.063823233676862,0.7422,26.63179636001587
12,0.12281019832757885,0.9563,1.078591063052793,0.7506,26.78339147567749
13,0.10979023150375584,0.96138,1.1886177885381481,0.7492,26.795359134674072
14,0.09224369549585501,0.9678,1.130102508807484,0.7554,26.571957111358643
15,0.08774229134087597,0.96894,1.2427853398685214,0.7459,26.780398845672607
16,0.08418635297757204,0.97128,1.264428644240657,0.753,26.576942920684814
17,0.07196733278825003,0.97516,1.256009492693068,0.7532,26.64376473426819
18,0.07297149982751178,0.97442,1.2336760955520822,0.7539,26.640772581100464
19,0.06945267482243879,0.97548,1.1781634582748897,0.7666,26.602874279022217
20,0.06233267148103937,0.978,1.2901855812797063,0.7557,26.851210355758667
21,0.06492191572051943,0.97728,1.2877273680288581,0.7527,26.520095109939575
22,0.05781454485757729,0.98024,1.3721408942077733,0.7551,26.55799388885498
23,0.05868958590118705,0.9792,1.2977319872831996,0.7533,26.67468237876892
24,0.05389471067284779,0.98172,1.3573574408700195,0.7547,24.69298028945923
25,0.04833847770581732,0.98332,1.3906240297269217,0.7549,24.268116235733032
26,0.04910997030041788,0.9837,1.3574138864686218,0.7559,24.183342933654785
27,0.045948538290875036,0.98428,1.3386856558956677,0.7551,24.220244646072388
28,0.04860386935353298,0.98332,1.3768975704531126,0.7578,24.268115758895874
29,0.04001363963865296,0.98636,1.3798021168648442,0.7569,24.262131690979004
30,0.043311908680950396,0.98498,1.3795108742351774,0.7571,26.429337978363037
31,0.03944999848604393,0.98668,1.3276676558241058,0.7606,26.622820615768433
32,0.04317030522441182,0.98502,1.351620740528348,0.7593,26.744495153427124
33,0.04248287771111521,0.98544,1.4598290629779236,0.7584,26.785385608673096
34,0.03364378847467625,0.9881,1.3941359437907799,0.7572,26.812313556671143
35,0.0375637045121797,0.9872,1.3990136354784422,0.7605,26.60187602043152
36,0.03366477744560927,0.98834,1.4070317624490472,0.7568,26.77042579650879
37,0.03419197115021736,0.98822,1.3638854290865645,0.7686,26.676676988601685
38,0.0315647019538433,0.98894,1.4470038708252242,0.7604,26.73551893234253
39,0.032461981312312246,0.989,1.4090761942199515,0.7622,26.672687292099
40,0.03254836441203476,0.98888,1.4937547686733776,0.755,26.722553968429565
41,0.03513941810736695,0.98816,1.3362139335161523,0.7619,26.676676750183105
42,0.027042037985451958,0.99106,1.5326561399652987,0.7628,26.774414777755737
43,0.03183642131231173,0.98906,1.4541904134086416,0.7598,26.81331157684326
44,0.025179455316413548,0.99158,1.4901210552529445,0.7619,26.842233896255493
45,0.032324692220701015,0.98876,1.5137564509729795,0.7558,26.596890211105347
46,0.02730548876302574,0.99042,1.5109935772569874,0.7587,26.816303253173828
47,0.02457232441430997,0.99184,1.5078998136369488,0.7634,26.588911533355713
48,0.028760330219034944,0.99022,1.4641053057924103,0.7619,26.691636323928833
49,0.023178661817207197,0.99232,1.584174333493921,0.7521,26.70859122276306
50,0.02597779424711014,0.9908,1.523636805105813,0.7606,26.764441967010498
51,0.02429683815197819,0.9916,1.5375993644134909,0.7632,26.901076793670654
52,0.023880663579460854,0.99206,1.5315510011926483,0.7665,26.709588289260864
53,0.02259406716282339,0.9922,1.5804129340980626,0.7606,26.550015687942505
54,0.022135676359674415,0.99258,1.5063800585420826,0.7645,24.285070180892944
55,0.023749600498281453,0.99172,1.6058748530436167,0.7577,24.37084150314331
56,0.023271926559622177,0.99248,1.6079736133164997,0.7673,24.24418020248413
57,0.02017925447508064,0.99294,1.578924674776536,0.7566,24.294047355651855
58,0.022618315806088356,0.99228,1.6492404047446916,0.7528,24.29005718231201
59,0.022369784548196256,0.99246,1.5089783366722396,0.771,24.44165301322937
60,0.01698813635176774,0.99414,1.6560211415532269,0.7611,26.543034076690674
61,0.02197868980126708,0.99266,1.5525297273563434,0.7631,26.601876735687256
62,0.019793892067724892,0.99338,1.5752722047552277,0.7676,26.645759105682373
63,0.021045368091385488,0.9928,1.6137556969364988,0.7702,26.66670322418213
64,0.02123703082929344,0.99286,1.516238560475692,0.7704,26.594895839691162
65,0.0152465616716989,0.9953,1.5763090332097645,0.7629,26.651742935180664
66,0.020832303700277277,0.99308,1.601419240613527,0.7655,27.055662870407104
67,0.019837792952889767,0.99328,1.556420411490187,0.7656,26.70360493659973
68,0.012794568250134416,0.9957,1.5631389082232607,0.7647,26.617833852767944
69,0.019215816867944505,0.99342,1.6400507009482082,0.7558,26.680666208267212
70,0.022810856534211,0.99204,1.536806526817853,0.7635,26.71956205368042
71,0.0168703729722603,0.99472,1.546767026563234,0.769,26.618831396102905
72,0.01376596736800446,0.9954,1.6172723015652428,0.7688,26.660719633102417
73,0.014810113512385098,0.9947,1.5527893772608117,0.7666,26.5679669380188
74,0.01815500512117427,0.99416,1.615256109569646,0.7617,26.48319411277771
75,0.014163177639186142,0.99528,1.5786764153951331,0.7709,26.55201029777527
76,0.015971062615115727,0.99472,1.640105509305302,0.7656,26.590906381607056
77,0.01693322493765733,0.9944,1.6516403321978412,0.7647,26.658756256103516
78,0.02007341448104788,0.99334,1.5501722112486633,0.7679,26.492137908935547
79,0.011916525862359828,0.99582,1.601442454736444,0.7677,26.474217891693115
80,0.010365182292655699,0.99642,1.6763821719567986,0.7707,26.549017906188965
81,0.018795630146759442,0.99312,1.6753885836540898,0.7596,26.756463289260864
82,0.017494600266329836,0.9944,1.6040196011338053,0.7648,26.51111912727356
83,0.016638725128671206,0.99504,1.6078068263168577,0.7609,26.259791612625122
84,0.014528469320366104,0.99496,1.588925585339341,0.7752,24.27011013031006
85,0.013204002537487118,0.9954,1.658563588993459,0.7655,24.247172594070435
86,0.014910774344168699,0.9952,1.7392205339443834,0.7583,24.135470628738403
87,0.013332475990164475,0.99536,1.6548631855204134,0.7651,24.03972625732422
88,0.011872038612534623,0.99602,1.6550575955004632,0.7727,24.215257167816162
89,0.014742202518056469,0.9949,1.6564553546000131,0.7657,24.459604263305664
90,0.011305340066230754,0.99626,1.8241364563567728,0.7563,26.5460262298584
91,0.01607360453226531,0.99446,1.7132827918740767,0.7676,26.480201482772827
92,0.01417282611126681,0.99502,1.6913436409793323,0.7655,26.676676750183105
93,0.009838714250190722,0.9968,1.7320595806158041,0.7702,26.550015449523926
94,0.015306980024310588,0.99462,1.6954708069185667,0.7655,26.573951482772827
95,0.010247246225644676,0.9966,1.6935547197921366,0.769,26.5230872631073
96,0.01305410268602183,0.99542,1.8020712891711463,0.7646,26.668697834014893
97,0.011199813181571032,0.99618,1.7737031616742098,0.7598,26.571957111358643
98,0.015486488056094016,0.99502,1.6822113153300708,0.7628,26.635786294937134
99,0.0124336386345761,0.99594,1.7041968982430953,0.7685,26.502178192138672
100,0.011721374507842507,0.99612,1.7377067064937157,0.7603,26.40037989616394
101,0.01157886962707201,0.9961,1.7298215612580505,0.7694,26.51211643218994
102,0.010238156257224205,0.9967,1.7563259111175054,0.7629,26.61484169960022
103,0.014970021102769637,0.99492,1.710551593122603,0.7591,26.64476180076599
104,0.012265618598480743,0.99588,1.706239713898188,0.7625,26.364511013031006
105,0.010995257629339596,0.9963,1.6751790008967435,0.769,26.60885787010193
106,0.007311142761917675,0.99768,1.766915020308917,0.7667,26.48917818069458
107,0.013911622856809731,0.99528,1.8111648785917065,0.7644,26.717566967010498
108,0.01447494797088662,0.99492,1.7487071571470816,0.7692,26.438314199447632
109,0.009663659847470845,0.99664,1.6723183182221424,0.7681,26.47721028327942
110,0.017726186395544186,0.99438,1.6307876170436038,0.7692,26.45327401161194
111,0.0071610651583798755,0.99744,1.766499694389633,0.7649,26.57396697998047
112,0.0071943719217520165,0.99762,1.814949835403056,0.7677,26.564975261688232
113,0.013337854308511197,0.99544,1.7331712004504627,0.7639,26.07827663421631
114,0.010320157680381617,0.9962,1.7730771288087097,0.7579,24.23320984840393
115,0.012437736099662037,0.99628,1.7846242008329947,0.7645,24.45760941505432
116,0.013466763916662704,0.9951,1.7414567802525773,0.7676,24.222238779067993
117,0.00905988553591097,0.99682,1.7562312227261216,0.7653,24.178356170654297
118,0.0069119810068653765,0.99754,1.8231449964680249,0.7724,24.230217695236206
119,0.009802282289758733,0.9967,1.8080594569821902,0.7653,24.870505571365356
120,0.010555472758533422,0.99646,1.8331698767746551,0.7625,26.486185789108276
121,0.015424427613933825,0.995,1.6820276862458339,0.765,26.69762086868286
122,0.00571235133165805,0.99814,1.81484252893472,0.771,26.504137992858887
123,0.006214697098764128,0.99788,1.8026351136497305,0.7679,26.555999517440796
124,0.009025235207934279,0.99708,1.8825540399249596,0.7658,26.52707600593567
125,0.01385377896562218,0.99558,1.7617170742795438,0.7691,26.48219609260559
126,0.009972883151763978,0.99658,1.7310392788693876,0.7714,26.54004216194153
127,0.009960872669717806,0.99676,1.7516608072232596,0.7698,26.628804683685303
128,0.007375470627115428,0.9974,1.8003251499767545,0.7714,26.629801511764526
129,0.010477960227800788,0.99678,1.784032179584986,0.7708,26.65772771835327
130,0.008800885834879434,0.997,1.771767007399209,0.7702,26.750479459762573
131,0.009313259244831118,0.99666,1.788520697928682,0.7725,26.711582899093628
132,0.009356732705540721,0.99682,1.7432169159756432,0.774,26.767434120178223
133,0.007802276971989343,0.99728,1.7516770196866385,0.7743,26.607860326766968
134,0.008516190180424838,0.99726,1.7816702338713635,0.7698,26.511119604110718
135,0.009059135993777225,0.99672,1.7594959958444667,0.7704,26.73651671409607
136,0.009527641576951887,0.99708,1.8284810736209531,0.7622,26.549017906188965
137,0.012560042266170773,0.9958,1.733983445771133,0.7686,26.693631172180176
138,0.008985386080568735,0.99688,1.6405327437987811,0.7758,26.503140687942505
139,0.004841080953172334,0.99838,1.708902816983718,0.7764,26.285722255706787
140,0.006059659723015076,0.99782,1.8445970514152623,0.7719,26.481199264526367
141,0.012527315473404165,0.9958,1.7517493812343743,0.7639,26.67168927192688
142,0.010428745964248537,0.99628,1.7234648941438409,0.7707,26.469231605529785
143,0.007542615784472837,0.99768,1.8134530133838895,0.7725,25.643438816070557
144,0.005744448183471497,0.99812,1.8270771427999568,0.7725,24.274100065231323
145,0.0072437382391236475,0.99754,1.9237097954448266,0.7657,24.183343172073364
146,0.01073453417968239,0.99636,1.7858583519730387,0.7662,24.27210521697998
147,0.007058220484470295,0.99744,1.845714093763617,0.771,24.16239857673645
148,0.007956315871726934,0.99736,1.8564526393443723,0.7682,24.137465476989746
149,0.008857923607742997,0.997,1.8003428080413915,0.7683,25.400120735168457
150,0.007388239070769254,0.9974,1.8514122691335557,0.7724,26.575915098190308
151,0.0076278445241043345,0.99768,1.850465321088139,0.7712,26.616836547851562
152,0.008852336788042935,0.99708,1.8222580446472652,0.7723,26.595892667770386
153,0.00982628022145834,0.99698,1.8095017807393134,0.7716,26.7465181350708
154,0.004252936994579732,0.99838,1.8595828346059293,0.776,26.658706426620483
155,0.010063776472994886,0.99682,1.8243091544018517,0.7682,26.588911771774292
156,0.00703132781798377,0.99758,1.7583037560121924,0.7737,26.571955680847168
157,0.0074200028242897495,0.99756,1.8709888639329355,0.7688,26.467236757278442
158,0.008052382071249914,0.99744,1.8060959698278694,0.7718,26.561983585357666
159,0.005451404217907725,0.99832,1.8384730136847194,0.771,26.589908838272095
160,0.006020544293413275,0.99802,1.9038438691368587,0.7673,26.629801750183105
161,0.007255385103158552,0.99744,1.9323585312577742,0.7702,26.639775276184082
162,0.014859232206355042,0.99504,1.7566314286823514,0.7714,26.567967176437378
163,0.005343470112614893,0.9983,1.727737359608276,0.7712,26.590905904769897
164,0.005017715316327081,0.99838,1.8519459789312338,0.7711,26.789397716522217
165,0.009455839195247779,0.99702,1.7682713481444348,0.7701,26.582904815673828
166,0.006636489059345018,0.99782,1.7587027640282353,0.7746,26.526078939437866
167,0.005550453620086148,0.9981,1.8617728420450717,0.7703,26.757460594177246
168,0.0062372555609547875,0.99792,1.8334597741501242,0.7706,26.55899167060852
169,0.0074124750477597015,0.99754,1.9300008544439002,0.7664,26.530068397521973
170,0.008102033740294206,0.9975,1.7856143524375143,0.7729,26.55799388885498
171,0.007184868002195915,0.99764,1.7853708493558667,0.7742,26.56896448135376
172,0.006150966111152722,0.99806,1.8205012920536572,0.7761,26.455267667770386
173,0.005161234458787557,0.9985,1.8876520742343952,0.7723,25.34025001525879
174,0.008394795325374247,0.99716,1.863421177562279,0.7678,24.235204219818115
175,0.007587195507067171,0.99744,1.7224837217149855,0.7767,24.203289031982422
176,0.004995581497861653,0.99858,1.8441227297239666,0.7752,24.10455346107483
177,0.004934530527931862,0.99854,1.8879176249986962,0.7709,24.125497817993164
178,0.01187008446299784,0.99606,1.8347315290306188,0.7692,24.213263034820557
179,0.005518987138291038,0.99798,1.8349095937571949,0.7707,25.32927918434143
180,0.004272714714239285,0.99842,1.908480318286751,0.7727,26.4532732963562
181,0.006527731832962007,0.99776,1.96997363657891,0.7669,26.624814748764038
182,0.007863011337974367,0.99736,1.9089847637128226,0.7688,26.387450218200684
183,0.007290642744919751,0.99756,1.832753326319441,0.7747,26.58691644668579
184,0.005812841731019716,0.998,1.8903526369529435,0.7683,26.647754192352295
185,0.008534266654660453,0.9969,1.8735970409610603,0.7674,26.56996178627014
186,0.005741440490567275,0.99824,1.856082087830652,0.7765,26.556997060775757
187,0.004663472357508529,0.9984,1.9033483221561094,0.7723,26.53309440612793
188,0.005014172719813843,0.99818,1.9229852353470236,0.77,26.42432999610901
189,0.005635679003747326,0.99796,1.9151983774161037,0.7745,26.61085271835327
190,0.007872507350409117,0.99732,1.9582123439523238,0.7678,26.65074634552002
191,0.005474448072518521,0.9983,1.8505915146839769,0.7724,26.5101215839386
192,0.004727749883450971,0.99856,1.9795534942723527,0.7662,26.513113975524902
193,0.008552982284708821,0.99712,1.8501845809477795,0.7739,26.549018144607544
194,0.004769035352683088,0.99824,1.9323348848125603,0.7699,26.565972328186035
195,0.0026459718890650004,0.99916,1.935305486751508,0.7749,26.54103946685791
196,0.005676182622229807,0.99814,2.020291986344736,0.7664,26.640803337097168
197,0.01061758376614735,0.99678,1.9784213500686838,0.7593,26.42132806777954
198,0.005827415206320094,0.99808,1.9596839615061312,0.7714,26.560986042022705
199,0.0033470348260919627,0.99886,1.934912775513492,0.7722,26.628804445266724
200,0.006588796459701415,0.99776,1.9416456969478462,0.7683,26.652740955352783
201,0.006950833081385604,0.99762,1.897793303562116,0.7719,26.386452436447144
202,0.004815570318417618,0.99848,2.0197395787963384,0.7707,26.51610565185547
203,0.0033496395401767663,0.99888,2.0243797619131545,0.7666,25.459929943084717
204,0.007383997822193509,0.99782,1.8665199456088055,0.7646,24.33493733406067
205,0.00784935737678809,0.99726,2.0003394084640695,0.7681,24.25515127182007
206,0.007669796208718769,0.99748,1.9190634564508366,0.77,24.210270643234253
207,0.0048135239427382895,0.9983,1.929841649683216,0.7677,24.124500274658203
208,0.004646154956210984,0.9984,1.977476326725151,0.7683,24.25515055656433
209,0.004777941266309524,0.99868,1.9186579494536677,0.7726,25.58758854866028
210,0.008297984191608463,0.99732,2.0348284169088435,0.7687,26.51211643218994
211,0.005822502065474628,0.99794,1.9100643049312542,0.774,26.509124517440796
212,0.0037301860636367317,0.9987,2.064900392218481,0.7675,26.537050247192383
213,0.004535363752171072,0.99846,2.0940537558326238,0.7679,26.714575052261353
214,0.007895271559229741,0.99716,1.9519630459290516,0.7684,26.537049055099487
215,0.004320517375495664,0.99844,2.001627461819709,0.7684,26.50715970993042
216,0.0062593733201169585,0.99808,2.0423731502098375,0.7711,26.507100105285645
217,0.005576934649733539,0.99814,1.989456062075458,0.771,26.60985517501831
218,0.0036658176762072573,0.99886,2.019536882261687,0.769,26.623817920684814
219,0.0054788671489397825,0.9983,2.0092798305463186,0.7652,26.573951244354248
220,0.0047704774432022435,0.9984,2.050560205797606,0.7661,26.463247299194336
221,0.005662289531997871,0.99818,2.1114990167979952,0.7659,26.62182307243347
222,0.006759455614337872,0.99792,1.9136778010597713,0.7683,26.619828701019287
223,0.006592266362412888,0.9978,1.941410075260114,0.7654,26.663711309432983
224,0.004476473291567956,0.99872,1.957369651975511,0.7738,26.509124517440796
225,0.005754615648551584,0.99806,1.9730218430108661,0.7695,26.64875102043152
226,0.006327250116965049,0.99792,1.9591898042944413,0.7698,26.58691692352295
227,0.005050612274561483,0.99832,1.9643450598173504,0.7734,26.698617696762085
228,0.0020834926060795816,0.99916,2.0221574080141287,0.7753,26.44928503036499
229,0.006938308899745719,0.99778,2.084174070931688,0.7647,26.50014901161194
230,0.00644131845099699,0.99786,2.0760954897614976,0.7653,26.645759105682373
231,0.0022744429590219883,0.99912,2.0542379587511475,0.7696,26.66371178627014
232,0.004910690936284205,0.99828,2.062373417087748,0.7703,26.44230341911316
233,0.00591882100271363,0.99822,2.112356735181205,0.7642,25.049027681350708
234,0.005654262916603496,0.99818,2.0025228714641137,0.772,24.24418044090271
235,0.004471713943097981,0.99856,2.0125955456419837,0.7696,24.34790301322937
236,0.005120461002368529,0.99822,2.1124830879742587,0.7668,24.193315744400024
237,0.005813194639385448,0.99812,2.005142715912831,0.7736,24.24517798423767
238,0.004075947001775508,0.99888,2.018664355519452,0.7686,24.224233388900757
239,0.003482375276165179,0.99892,2.1189306355729887,0.7661,26.041374921798706
240,0.0036876588236402054,0.99866,2.130897598930552,0.7717,26.577940702438354
241,0.005421048853588352,0.99836,2.117874494081811,0.7684,26.607860326766968
242,0.008066338287443546,0.99762,1.9573078562941733,0.7674,26.526078939437866
243,0.005555223735232908,0.99822,1.966422352609755,0.7649,26.587913751602173
244,0.005601502138342953,0.99824,1.933618218083925,0.7692,26.537050008773804
245,0.0036396238880055084,0.9987,2.0024719856962374,0.7692,26.605866193771362
246,0.002107832639913258,0.99928,2.0592863031580477,0.7712,26.696622848510742
247,0.0031376532561532195,0.99886,2.109048384654371,0.7722,26.579935312271118
248,0.006618985549258513,0.99788,2.0816974926598464,0.7714,26.5230872631073
249,0.008244578906785935,0.99736,2.022797358186939,0.7713,26.616836547851562
250,0.004739140305076353,0.99844,1.9421882863286175,0.7751,26.675709009170532
251,0.0022022707341544036,0.99934,2.0369213389444956,0.77,26.37448501586914
252,0.0030695109733018923,0.99888,2.1000204463548298,0.769,26.702606678009033
253,0.006049555677557638,0.99798,2.012160275555864,0.7694,26.485188245773315
254,0.004964076668532022,0.99818,2.180502963971488,0.7663,26.65573239326477
255,0.0050609735772967354,0.99828,2.114197456384007,0.771,26.55101251602173
256,0.00495388986921701,0.99854,2.11258506171311,0.7685,26.577940225601196
257,0.006317456163581383,0.99808,2.130502273764791,0.7669,26.674682140350342
258,0.004591349140584423,0.99862,1.9945290480987936,0.7749,26.64376449584961
259,0.0025159964486507805,0.99918,2.0160360487201547,0.7716,26.59190344810486
260,0.00462162099428499,0.99844,2.1028530378884907,0.7692,26.850212335586548
261,0.0045134783835647,0.99846,2.0662302201307274,0.7731,26.5859215259552
262,0.0033016475026289484,0.99902,2.111557139626032,0.7715,26.54901647567749
263,0.007472469978961679,0.99776,1.9464119340800032,0.7727,24.60820698738098
264,0.0038641767711439855,0.99864,1.943368611079228,0.772,23.63680410385132
265,0.002133755901906713,0.99944,2.0360578502280804,0.7735,24.269113063812256
266,0.004130727987880364,0.9987,2.1310505701016775,0.7659,24.22323703765869
267,0.005182643782184635,0.99828,2.0414858769766893,0.7691,24.252158403396606
268,0.0029591637403395756,0.99918,2.1233848499346384,0.7705,24.286068201065063
269,0.0022276199126387264,0.99924,2.1160199936432176,0.7737,25.004148244857788
270,0.005429535046939685,0.99824,2.1773606282246263,0.7673,26.656729698181152
271,0.008838878142797765,0.99732,2.125300087506258,0.7679,26.583924531936646
272,0.00669934587848499,0.99766,1.9386164945892141,0.7723,26.619828462600708
273,0.0035961454930975726,0.99876,1.947544272941879,0.7778,26.69562602043152
274,0.0019065433163697537,0.99944,2.0064749732802185,0.772,26.578937530517578
275,0.00203618459979325,0.99924,2.029504906527604,0.7711,26.686649560928345
276,0.006516606336175234,0.99772,1.9506349993657461,0.774,26.66271424293518
277,0.005139670578653894,0.99834,2.069523793232592,0.7718,26.58193016052246
278,0.002778618339889049,0.99904,2.1007025060774405,0.7726,26.642767429351807
279,0.004764901259931067,0.9984,2.0840539313569852,0.7698,26.65573239326477
280,0.0042247294677017376,0.99868,2.0592085621024987,0.767,26.76444125175476
281,0.004951214198801441,0.9985,2.114997331854663,0.766,26.63379144668579
282,0.004424582313068731,0.99856,2.0795367337480375,0.7743,26.503140926361084
283,0.0016333784354236789,0.99958,2.067712971681281,0.7755,26.725576400756836
284,0.0036299998235250325,0.99868,2.110764938064768,0.7731,26.50709891319275
285,0.004932989168467679,0.99842,2.192706186560136,0.7706,26.73153066635132
286,0.007676842833650117,0.9975,1.991537258594851,0.7743,26.62581205368042
287,0.003990997424829672,0.9987,1.9853491979309275,0.778,26.587913990020752
288,0.001433075237408622,0.99956,2.116694801970373,0.7738,26.66171669960022
289,0.0022549474976281637,0.9993,2.12609341476537,0.7746,26.595892190933228
290,0.006266584519220641,0.998,2.127618926235392,0.7677,26.59190320968628
291,0.006610012167693826,0.99796,2.0480933430828627,0.7709,26.54004216194153
292,0.005658576538325972,0.99822,2.0954154322418987,0.7724,26.79139733314514
293,0.003937299743246631,0.99868,2.058330723001987,0.7713,25.917678356170654
294,0.001193154629595832,0.9996,2.1488786935806274,0.7716,24.20428729057312
295,0.0027474251014787125,0.99906,2.2603413198567646,0.7662,24.337929010391235
296,0.004321050334310759,0.99838,2.152944620651535,0.764,24.30202627182007
297,0.0047935156699627545,0.9984,2.230672149718562,0.7695,24.336931228637695
298,0.0066865051436750325,0.998,2.0761760284629047,0.7658,24.35388684272766
299,0.003957341756379852,0.99874,2.0848508424396757,0.7686,25.27143383026123
300,0.003974218486182322,0.99858,2.0934980066516733,0.7679,26.59290051460266
301,0.0035002885837514715,0.99904,2.0468981386739995,0.7715,26.618831634521484
302,0.0017527707322224997,0.99934,2.1289664265475694,0.7659,26.630798816680908
303,0.0032171979598162505,0.999,2.080608736110639,0.7692,26.74250054359436
304,0.004281596201579019,0.99866,2.133741915980472,0.7736,26.744515657424927
305,0.006139255393046297,0.99786,2.07217128970955,0.7623,26.59390950202942
306,0.005080542484034721,0.99824,2.077843840929526,0.7687,26.646758317947388
307,0.0025378562720369704,0.99916,2.1328884016109417,0.7705,26.66966199874878
308,0.003308934984544413,0.99894,2.071049329600757,0.7718,26.672687292099
309,0.004071455870562937,0.99868,2.0973810802532147,0.7658,26.565972328186035
310,0.0043069823959461335,0.99846,2.172236795666852,0.7683,26.692633628845215
311,0.003768353360148276,0.99858,2.077887712400171,0.7727,26.58791494369507
312,0.003426671622403313,0.99886,2.157927030249487,0.7716,26.68964171409607
313,0.002295231333072458,0.99914,2.2231458063367047,0.7708,26.762446880340576
314,0.005928624669266942,0.99828,2.1338409185409546,0.7668,26.504137754440308
315,0.0031229590094561297,0.99882,2.203594160985343,0.7728,26.812314987182617
316,0.002320520013381,0.99924,2.19898414683305,0.7744,26.917033195495605
317,0.0031497480039947927,0.99894,2.2211027401912062,0.7718,26.808999061584473
318,0.004670502983902962,0.99834,2.1960583034949965,0.7714,26.68964195251465
319,0.004090284457790329,0.9987,2.272832929333554,0.7718,26.61384415626526
320,0.0015871011345999875,0.99948,2.2474380761762207,0.7732,26.491172790527344
321,0.003550965978311732,0.99898,2.288157629061349,0.7638,26.630798816680908
322,0.006160592451392183,0.99786,2.1465142708790452,0.7693,26.60985565185547
323,0.0051170816629071665,0.99836,2.225149414207362,0.7678,25.873822927474976
324,0.004423359950867176,0.9986,2.105609859092326,0.7703,24.29005789756775
325,0.0013080405475900528,0.99964,2.108654726909686,0.7774,24.253156185150146
326,0.0009316793257367628,0.99974,2.1599545358102534,0.7742,24.26711869239807
327,0.01023285868185332,0.99724,2.033008791223357,0.7693,24.233209133148193
328,0.003914144602323895,0.99864,1.9727691396882263,0.7782,24.31997799873352
329,0.0010149386106165024,0.9997,1.957561434447011,0.7746,25.478878498077393
330,0.001101982514029996,0.9996,2.1038015024571477,0.7714,26.61783456802368
331,0.004535383697523631,0.99862,2.1507778107365474,0.7751,26.536052465438843
332,0.004630983880884821,0.99878,2.2788171285315406,0.7656,26.56297993659973
333,0.007803828888417347,0.99754,2.086158023604864,0.7683,26.57494807243347
334,0.0030943508380175755,0.99906,2.25477966779395,0.7659,26.602874040603638
335,0.004557055479006735,0.99866,2.0665262333954435,0.7741,26.674681901931763
336,0.0020791468366019856,0.99934,2.122916405714011,0.7721,26.62584114074707
337,0.0013323460370533913,0.99964,2.1697362404835374,0.7735,26.55201029777527
338,0.0012722853159403385,0.99966,2.224375548242014,0.772,26.67468237876892
339,0.0045674622133144585,0.9987,2.221472537970241,0.768,26.738511323928833
340,0.006277291165385445,0.99784,2.111732906933072,0.7726,26.57594609260559
341,0.0038056534300985987,0.9987,2.099556523033335,0.7696,26.60885763168335
342,0.0024478954555766656,0.99918,2.0552112256424335,0.779,26.7075936794281
343,0.0031315020348803182,0.99886,2.186577549463586,0.7691,26.431332111358643
344,0.004162678852257591,0.99866,2.1720589180535907,0.7689,26.485188484191895
345,0.002326451137576469,0.99914,2.2431201783916617,0.7695,26.675679445266724
346,0.004266201502108303,0.99864,2.217446624478207,0.7717,26.607860565185547
347,0.0031056837167781847,0.99904,2.2437325550031058,0.7701,26.70161008834839
348,0.0028864923108290596,0.99904,2.2756923723824416,0.7687,26.68266010284424
349,0.0038438479608910833,0.99884,2.2904486324213726,0.7737,26.685651779174805
350,0.0032912053313340294,0.99892,2.251313281964652,0.7694,26.61683702468872
351,0.0054903911840381145,0.9982,2.2165205056154273,0.7697,26.573951482772827
352,0.00425132796324579,0.9987,2.121385604520387,0.7742,26.474217891693115
353,0.0027725685697276886,0.99902,2.0965630193299885,0.7766,26.047358989715576
354,0.001508877351365331,0.99948,2.2356395193293124,0.7781,24.205284118652344
355,0.0018360080524776512,0.99942,2.2279419883897034,0.7737,24.3289532661438
356,0.00362945209034097,0.99898,2.25035805038259,0.7756,24.189327239990234
357,0.003356578750307664,0.9989,2.182297391227529,0.7768,24.2391939163208
358,0.005283237959511935,0.99826,2.20110151888449,0.7726,24.3299503326416
359,0.0034016659281294087,0.99884,2.1442213330087783,0.7752,25.126821041107178
360,0.0021653491058957644,0.99936,2.247498723525035,0.7772,26.634788036346436
361,0.002193335172234381,0.9994,2.2086290468143512,0.776,26.549018144607544
362,0.0021782899735384212,0.99934,2.3669743568082398,0.7712,26.5679669380188
363,0.005663707978954898,0.99824,2.2070513209210167,0.7707,26.589909076690674
364,0.004951629150761556,0.99826,2.2249008190782766,0.7743,26.5689640045166
365,0.003517201100980088,0.9988,2.3149302443371544,0.7713,26.625812292099
366,0.001535522597598518,0.99948,2.2091322186626967,0.7777,26.645759105682373
367,0.0016936065685354848,0.99942,2.299842313875126,0.7735,26.67867136001587
368,0.003955069422537134,0.9985,2.3699281698540795,0.7699,26.643764972686768
369,0.005147723792483086,0.9984,2.1454392241526254,0.7728,26.681662797927856
370,0.004400741722766234,0.99856,2.2036655175534983,0.77,26.653737783432007
371,0.004564511370285114,0.99872,2.06035193536855,0.7741,26.734522581100464
372,0.00244105062033424,0.99922,2.0975482011143165,0.7814,26.74748706817627
373,0.0015307900310009986,0.99962,2.1162659556050842,0.7778,26.909087657928467
374,0.001555714224066157,0.99954,2.197751340986807,0.7761,26.56893253326416
375,0.0028125275497304083,0.99908,2.209031844440895,0.7741,26.70759344100952
376,0.005035682587960689,0.9986,2.1887172560196584,0.7708,26.485188961029053
377,0.004902915208348208,0.9982,2.185640605190132,0.7726,26.462249994277954
378,0.0025675706019671644,0.99916,2.199518550800372,0.7706,26.532063007354736
379,0.0019269099963713774,0.99938,2.20806838138194,0.7774,26.703604698181152
380,0.0010017070224299504,0.9997,2.2148947927016245,0.776,26.65074586868286
381,0.000659982016879208,0.99978,2.2520944889210446,0.7745,26.47720980644226
382,0.0012086022516872592,0.99956,2.422819128519372,0.7699,26.587913990020752
383,0.008769139552970229,0.99742,2.2068832222419448,0.7721,25.85986042022705
384,0.005468948661836273,0.99834,2.2942268908778325,0.7706,24.26612138748169
385,0.0030455028133271746,0.99894,2.172957725917237,0.7719,24.34790349006653
386,0.0017547610108402556,0.99946,2.2423552433146705,0.7729,24.26612114906311
387,0.0009378871409049608,0.99976,2.2527344785159147,0.7743,24.251161098480225
388,0.0020104794528572633,0.99946,2.3667941870568674,0.7662,24.38181233406067
389,0.0033424715324752033,0.99884,2.3113400619241258,0.7694,25.37515616416931
390,0.0052512280782357635,0.99834,2.3914203372182725,0.7682,26.539044618606567
391,0.003920339423574435,0.9986,2.268368945846075,0.7729,26.599882125854492
392,0.0033302222561491673,0.99902,2.2126418427575993,0.7694,26.815306186676025
393,0.002913253728243407,0.99892,2.242190208616136,0.7697,26.62182307243347
394,0.0029202906977937875,0.99912,2.1909596603127977,0.7743,26.648751258850098
395,0.0007416170378537409,0.9998,2.251163853874689,0.7764,26.68964123725891
396,0.002795955938798179,0.99928,2.324931380114978,0.7646,26.67368483543396
397,0.0053001538946361795,0.99828,2.1497925776469557,0.7736,26.698617696762085
398,0.002249351732635704,0.99934,2.1563518484936486,0.7778,26.625813007354736
399,0.0025180091044040703,0.99916,2.2052399342573143,0.7694,26.70759344100952
400,0.0012926336630192721,0.9996,2.174529981009568,0.7758,26.686649799346924
401,0.0035434609486061706,0.99912,2.339490736587138,0.77,26.653767347335815
402,0.0063984976716029126,0.99824,2.098036766052246,0.7772,26.486154079437256
403,0.0020154903534910407,0.99924,2.1728519291817388,0.7742,26.710586309432983
404,0.0021051774317546405,0.99938,2.269814089883732,0.7697,26.43631911277771
405,0.003135628741596208,0.99902,2.1943734401389015,0.7754,26.692633628845215
406,0.001922085481596068,0.99946,2.2622716743734816,0.7747,26.50513529777527
407,0.0023184655381118485,0.99924,2.2715162400957905,0.7748,26.469231367111206
408,0.003568283122724854,0.99894,2.3175971462756775,0.7762,26.389444828033447
409,0.002603727241497908,0.99906,2.217640965045253,0.7744,26.560985565185547
410,0.00486031205462349,0.99832,2.2896153791041316,0.768,26.672687768936157
411,0.004140790225178267,0.99878,2.149110336846943,0.7726,26.640772342681885
412,0.001366025577913456,0.9995,2.2141500696351257,0.772,26.713605642318726
413,0.00264020227633314,0.99906,2.1337852198866347,0.7762,25.37116503715515
414,0.001536750998482026,0.9994,2.204634656257267,0.778,24.34690499305725
415,0.001979680875512572,0.9994,2.2752739870095553,0.7779,24.252159118652344
416,0.003492663548106893,0.9988,2.27133981487419,0.7725,24.239192962646484
417,0.004762773777442549,0.9986,2.185199351250371,0.7708,24.38181185722351
418,0.00437248651199023,0.99862,2.2059875160832947,0.7727,24.282079219818115
419,0.0024401939713487573,0.99912,2.1531081350543833,0.7762,25.752148389816284
420,0.0007496160005778782,0.99968,2.185233654855173,0.776,26.528074026107788
421,0.0011871546471626583,0.99956,2.299764784170857,0.7698,26.703604698181152
422,0.0015880899533745633,0.99956,2.3045095114768306,0.7772,26.60985493659973
423,0.0041375734941051226,0.99884,2.428917278217364,0.7652,26.651743173599243
424,0.006893553530541662,0.99782,2.2702231452434876,0.7745,26.599881887435913
425,0.002919733149934017,0.99884,2.1790518602238427,0.774,26.698617458343506
426,0.0022725328609549994,0.99936,2.2506026135215276,0.7753,26.71258044242859
427,0.0010789382493304224,0.99968,2.207905589779721,0.7764,26.687647104263306
428,0.0012358587037077683,0.99958,2.3067435720298866,0.7744,26.578937768936157
429,0.0018299120528417637,0.9995,2.349493859689447,0.7722,26.648751258850098
430,0.002167559745518726,0.99936,2.3802526366861563,0.7757,26.645759105682373
431,0.00392824666485526,0.99876,2.3891029350365263,0.7718,26.67670488357544
432,0.00722147286041201,0.99768,2.2345390350003784,0.7686,26.566970348358154
433,0.0034460206224885925,0.9988,2.168562408489517,0.7731,26.653738260269165
434,0.0007051559307599971,0.99976,2.1809016858475117,0.7777,26.77042555809021
435,0.0007540131599223264,0.99976,2.2909522071669373,0.7765,26.463247776031494
436,0.0015775257382507429,0.99948,2.3342644123336935,0.7721,26.438314199447632
437,0.006179703715359866,0.9981,2.2390572692774517,0.7672,26.761449575424194
438,0.004596750288107645,0.9988,2.238171147394784,0.7697,26.438313245773315
439,0.0011601937759425007,0.99972,2.2465081348826614,0.7723,26.524084091186523
440,0.0025097154389355112,0.99912,2.217234514936616,0.7694,26.620826959609985
441,0.0014850321108122076,0.99954,2.329124269606192,0.7731,26.53206205368042
442,0.0017374790424482295,0.99946,2.3849943499021893,0.7701,26.530068397521973
443,0.0035529998763616784,0.99884,2.36739308622819,0.7695,25.03805685043335
444,0.004218009539953274,0.99854,2.3321506780914114,0.7711,24.282079219818115
445,0.0019400173817599722,0.99932,2.3394495203525207,0.7714,24.269113779067993
446,0.0034522835149176263,0.99884,2.23403653313842,0.7718,24.281081199645996
447,0.0016445342904210607,0.99944,2.3330104203918314,0.769,24.33593463897705
448,0.004819935151315878,0.99866,2.292630028121079,0.7731,24.178356170654297
449,0.00526693838885055,0.9985,2.186488294148747,0.7759,26.008463382720947
450,0.0013031861662672881,0.9995,2.176252566560914,0.7753,26.52907133102417
451,0.0008969556058040933,0.99962,2.2533029913902283,0.7797,26.663711309432983
452,0.0001681953233597408,0.99996,2.249819454513019,0.7795,26.665737867355347
453,0.002299475769651308,0.99932,2.4476653714723224,0.771,26.553006649017334
454,0.006435326999532821,0.9978,2.3392798474317864,0.7666,26.53502345085144
455,0.003961240250042463,0.99862,2.2909401708011385,0.7742,26.622812032699585
456,0.0020402130180409797,0.9993,2.2700894346720055,0.7765,26.531065940856934
457,0.0009729726707386853,0.99962,2.308463656826864,0.7728,26.545028924942017
458,0.001973068841865795,0.99928,2.3241210300711135,0.7727,26.468233346939087
459,0.0009385658126908064,0.99968,2.3266966916337797,0.7738,26.598885774612427
460,0.0023830261608274676,0.99924,2.36251734630971,0.778,26.49915075302124
461,0.004638138806407325,0.99842,2.40564340428461,0.7728,26.71956205368042
462,0.0027423643463209343,0.99916,2.3852925119520743,0.7744,26.734521865844727
463,0.0019150996440960154,0.99944,2.3161756539646583,0.7776,26.646756649017334
464,0.002416741581046206,0.99928,2.3618996460226516,0.7749,26.515108585357666
465,0.0032818644947636977,0.99894,2.2707920783682716,0.7753,26.64376449584961
466,0.0027641889880384678,0.99896,2.250511442558675,0.7771,26.59788727760315
467,0.0010025589546411424,0.99966,2.283113527901565,0.7748,26.487183570861816
468,0.0010005664270819204,0.99974,2.379724045343037,0.7754,26.676676034927368
469,0.004779393844610717,0.99864,2.4010053873062134,0.7649,26.481199502944946
470,0.005726308437458748,0.99804,2.1880088501338717,0.7726,26.56996202468872
471,0.0029107413654034815,0.99922,2.210717534717125,0.778,26.512116193771362
472,0.0018524298430885114,0.99948,2.172906393491769,0.7729,26.680665493011475
473,0.0014501137808546065,0.9996,2.2208807800389545,0.7746,24.569310903549194
474,0.001278631018177442,0.9995,2.2035842307760745,0.7734,24.171375036239624
475,0.0006413430919274748,0.99986,2.3015290619451787,0.7734,24.17935347557068
476,0.005075649177234985,0.9986,2.389626622200012,0.7619,24.293049812316895
477,0.006287802416031263,0.99794,2.1821353767491596,0.7712,24.23620104789734
478,0.0015755037416387903,0.99948,2.2528002450737774,0.7746,24.332942962646484
479,0.002610924724358326,0.99908,2.222803260706648,0.7757,26.23386025428772
480,0.002508583924101504,0.99926,2.1833759350112723,0.7754,26.676676034927368
481,0.0032238019944867825,0.999,2.043300103537644,0.7772,26.588911771774292
482,0.002435315428116432,0.99924,2.1520881064330477,0.7803,26.621822834014893
483,0.0014402182170406702,0.9996,2.1847982602783396,0.7751,26.66171646118164
484,0.002166551051654564,0.99932,2.197855987126314,0.7732,26.561983108520508
485,0.0023570047693077557,0.99918,2.1989702197569834,0.776,26.674681901931763
486,0.002250445241150605,0.99944,2.2673596536056904,0.7751,26.595892906188965
487,0.0022752997321675993,0.99926,2.276834924764271,0.7755,26.558991193771362
488,0.001677269186211212,0.99952,2.3328225024138827,0.7736,26.5470232963562
489,0.0037328681904746494,0.99886,2.327006187620042,0.7778,26.628804683685303
490,0.0024177668604230393,0.99914,2.3460264583177204,0.7754,26.567967653274536
491,0.002750093113942642,0.99912,2.3400180822686303,0.772,26.555001735687256
492,0.003140145199666494,0.99882,2.304485657547094,0.776,26.57494831085205
493,0.0017322603229794613,0.99948,2.251068673556364,0.7766,26.53505516052246
494,0.000850694787545498,0.99966,2.4153634038152574,0.7737,26.67966914176941
495,0.00317728723009675,0.99898,2.4124763524985013,0.7718,26.8232843875885
496,0.002330640279305581,0.99932,2.301382407357421,0.777,26.521092653274536
497,0.004261751257570966,0.9987,2.304157026206391,0.7712,26.57295322418213
498,0.005231390409279464,0.99822,2.2234008274500883,0.7715,26.624846935272217
499,0.0016405158140835102,0.9994,2.2140348606471774,0.7731,26.528077125549316
500,0.0006307159771398967,0.9998,2.232359456110604,0.7762,26.51706862449646
501,0.0004931578593828347,0.99984,2.3383497769319557,0.7751,26.57494807243347
502,0.0005806967446340973,0.99974,2.4010142103026184,0.7738,26.611864805221558
503,0.00258602358166878,0.99924,2.498016775408878,0.7672,24.181333303451538
504,0.007264565804128026,0.99784,2.186314522465573,0.7736,24.20927357673645
505,0.0012690600395655071,0.99962,2.2768085365053974,0.7734,24.288063049316406
506,0.0016947649293427886,0.99954,2.2836589601975454,0.7759,24.160403966903687
507,0.0018846674026394387,0.99948,2.221475025521049,0.7749,24.349898099899292
508,0.0021651575179862334,0.9992,2.2602291280710243,0.7762,24.483571529388428
509,0.0012519562907418618,0.99952,2.2197689044324656,0.7793,26.51806926727295
510,0.0029802335668044342,0.99914,2.2269996661174147,0.7724,26.596890211105347
511,0.0031542574964012957,0.99894,2.1962108721461475,0.775,26.555001735687256
512,0.0014192502402093662,0.99948,2.271820418442352,0.7766,26.55400514602661
513,0.0007098428167691111,0.9998,2.385671313804916,0.7749,26.69562554359436
514,0.0030596667472136923,0.9991,2.3012103249755085,0.7758,26.67867136001587
515,0.00453917305777038,0.9986,2.4932620117935955,0.7589,26.7544686794281
516,0.0046081143179017925,0.99864,2.1403027704999418,0.7781,26.55799412727356
517,0.0023080890705104956,0.99934,2.1972696026669274,0.7763,26.57195734977722
518,0.0015597888247191553,0.99944,2.3313168091110037,0.7764,26.606863021850586
519,0.000533938114986356,0.99986,2.2221337805820416,0.7794,26.664708375930786
520,0.0004824937136451059,0.99986,2.326795176614689,0.7742,26.628804445266724
521,0.003644243185466958,0.99886,2.4280496518823167,0.7714,26.548020601272583
522,0.005546003803049846,0.9984,2.1895637572566167,0.7753,26.44426965713501
523,0.0030057476793861316,0.99904,2.1832482369640207,0.7794,26.630799293518066
524,0.0010812640039399898,0.99954,2.2431298615057256,0.7777,26.65573263168335
525,0.0006982048804029637,0.99978,2.3282995239088806,0.7755,26.52907085418701
526,0.0012187402592114885,0.99958,2.3688209901882122,0.777,26.403407335281372
527,0.0025126897710942473,0.9992,2.5407055284403546,0.7715,26.610852479934692
528,0.00345564789203305,0.9988,2.343882672394378,0.7734,26.3309805393219
529,0.0027966256442787524,0.99906,2.4174244207671927,0.7727,26.361605882644653
530,0.0027470374437773403,0.99906,2.3752151735221285,0.775,26.80034613609314
531,0.0018792965119002127,0.99944,2.386653996721099,0.772,26.5679669380188
532,0.0027957515869137047,0.99912,2.3911597864537297,0.7726,26.351545810699463
533,0.001804210889437181,0.9994,2.3727361748490154,0.7765,24.22622847557068
534,0.000979872727152983,0.9997,2.38654794496826,0.7736,24.24916696548462
535,0.0038025075639049727,0.99882,2.3099159907691087,0.774,24.23719882965088
536,0.0023509429049322697,0.99916,2.404462628726718,0.7749,24.205284595489502
537,0.0007481819897449891,0.99972,2.442941656595544,0.7754,24.413726806640625
538,0.0008621910822502405,0.9997,2.465406635139562,0.771,24.617182731628418
539,0.0040919470391560355,0.9988,2.400415517106841,0.7717,26.532063722610474
540,0.003966098332846565,0.9988,2.3226776530471027,0.7782,26.618831157684326
541,0.0024115927844145994,0.99912,2.2480119361153132,0.7775,26.559988737106323
542,0.0015454860035048097,0.99958,2.3334278366233727,0.7795,26.469230890274048
543,0.001157415400369538,0.99964,2.2935088352312016,0.7791,26.590905904769897
544,0.0014442567056822233,0.99954,2.390342811994915,0.7781,26.588911056518555
545,0.001957880785753745,0.99938,2.271415072151377,0.7778,26.692634344100952
546,0.0031189607138624982,0.99912,2.5041352450093135,0.7682,26.532062768936157
547,0.0037841940362923583,0.9989,2.3085270531569857,0.7726,26.673684120178223
548,0.00164115006238846,0.99938,2.308619114417064,0.7738,26.595892906188965
549,0.0009756983943328483,0.99974,2.3432722318021555,0.7766,26.728537797927856
550,0.002955683763465676,0.99912,2.36351676379578,0.7716,26.786382913589478
551,0.004214245090880384,0.99884,2.2411137940008428,0.7773,26.686649560928345
552,0.0015407396976202352,0.99952,2.330923115150838,0.7735,26.70161008834839
553,0.0012543774422626918,0.99958,2.2584694503228877,0.779,26.427343368530273
554,0.0015581448490612183,0.99954,2.420374696767783,0.7758,26.621822357177734
555,0.0030344054893073503,0.99918,2.442889011358913,0.7767,26.530068159103394
556,0.0047420110304799415,0.99866,2.298623946082743,0.774,26.515108823776245
557,0.0017654784009367716,0.99932,2.319574223289007,0.7773,26.662713527679443
558,0.0011129705587956983,0.99958,2.2211994777751873,0.7794,26.480202198028564
559,0.00039375938384797037,0.9999,2.2806188362308695,0.7791,26.486186027526855
560,0.0007835403780376645,0.9998,2.326465268678303,0.7791,26.490175247192383
561,0.0046323622953163245,0.99856,2.403844371626649,0.7726,26.464244842529297
562,0.004215748863671856,0.99888,2.2518303707430634,0.7741,26.115177869796753
563,0.0026658017358757724,0.99914,2.2271581126164786,0.7732,24.233209371566772
564,0.0013275205619245117,0.99958,2.2516658125044424,0.7769,24.159406900405884
565,0.0016479211175894767,0.9996,2.24403373350071,0.7775,24.28606867790222
566,0.001716620512241188,0.99934,2.3082606113409696,0.7784,24.153422355651855
567,0.0016348361040781816,0.99946,2.3148116627825965,0.775,24.31399393081665
568,0.002018545266283643,0.9994,2.349784982355335,0.7677,24.95926785469055
569,0.00250380442286613,0.99926,2.247550471956971,0.7749,26.50613284111023
570,0.001304096524248028,0.99948,2.39536731001697,0.7735,26.548020601272583
571,0.0014534233214355489,0.99948,2.4876127873040454,0.7768,26.555001735687256
572,0.0016193534499360826,0.99934,2.469690745389914,0.7761,26.51111936569214
573,0.0019973444183407504,0.9993,2.4267889065078543,0.7746,26.588910579681396
574,0.00289256557490876,0.9991,2.4284018353570866,0.7725,26.56896424293518
575,0.0011297777028133683,0.99966,2.386067700536945,0.7768,26.519097566604614
576,0.0013843687570485378,0.99966,2.3890616358081,0.7749,26.589908361434937
577,0.003645853158514335,0.99896,2.467777754687056,0.7697,26.625812768936157
578,0.004510293671165595,0.9987,2.403891978384573,0.769,26.62082552909851
579,0.0016202876626479643,0.99938,2.3158055136475384,0.7782,26.599881887435913
580,0.0017798231413106208,0.99944,2.4933310822595525,0.7778,26.495161771774292
581,0.0010159956022611212,0.99958,2.491849128204056,0.7784,26.565972566604614
582,0.001232341647129474,0.9996,2.4868822112868103,0.7737,26.710586309432983
583,0.0024044730779901077,0.99922,2.501212538043155,0.7724,26.442302942276
584,0.006434477281977136,0.99838,2.282628478505943,0.7724,26.635786294937134
585,0.0018190015382218837,0.99938,2.287578158740756,0.7754,26.565972805023193
586,0.0005711756601759849,0.99984,2.296683228468593,0.7768,26.681663036346436
587,0.0010349428805220948,0.99984,2.324813231637206,0.7773,26.542036771774292
588,0.0003863762633932078,0.99984,2.342378219471702,0.7728,26.756463289260864
589,0.0003338180922998764,0.9999,2.3855841552154926,0.7767,26.732527494430542
590,0.0014585499872818031,0.99968,2.4985106564775297,0.7674,26.555999279022217
591,0.006281445692413699,0.99808,2.355515507203114,0.7696,26.527076482772827
592,0.0034054935377015334,0.99908,2.298608159717125,0.7712,25.86484670639038
593,0.0009534967244082946,0.9997,2.323083445995669,0.7747,24.201294898986816
594,0.0011007101304231558,0.99966,2.280038724217234,0.7776,24.19830322265625
595,0.0018271360448566568,0.9994,2.3901924306078803,0.7708,24.28307580947876
596,0.0035402311113730952,0.99892,2.3103362231314937,0.768,24.29005742073059
597,0.0022696244024533966,0.99926,2.3525430326220356,0.7738,24.18733239173889
598,0.0008541835030020839,0.99968,2.2615581041649926,0.7748,25.343241691589355
599,0.0005722631224150491,0.99984,2.3706692502468445,0.7727,26.634787797927856
600,0.0008835878226648001,0.99964,2.4345616826528236,0.7732,26.630799531936646
601,0.004125657271184127,0.99888,2.4319689613000692,0.7665,26.584921836853027
602,0.004050113985676956,0.99878,2.288592154466653,0.7729,26.53505539894104
603,0.0015090908349683003,0.99938,2.3994274607187585,0.7692,26.521092414855957
604,0.000979143569705205,0.9997,2.3076838798160795,0.7769,26.82328486442566
605,0.000842605049711102,0.99974,2.392807839791986,0.7731,26.68365740776062
606,0.001516921774675434,0.99954,2.441121765329868,0.7701,26.578938007354736
607,0.0018209812223464411,0.9995,2.489558695237848,0.7677,26.570959091186523
608,0.004697265350101353,0.99854,2.4203049593333956,0.7653,26.662713766098022
609,0.0015641335354267974,0.99952,2.3590227878546415,0.7688,26.602874279022217
610,0.0007005156878617765,0.99976,2.398883840705775,0.7713,26.62282085418701
611,0.0016026681538978938,0.9995,2.463135176067111,0.7685,26.528074026107788
612,0.0015040389936499734,0.99944,2.4800961726828468,0.7695,26.535054922103882
613,0.002939625336496727,0.99896,2.4342150688171387,0.7692,26.73551893234253
614,0.005331377224601884,0.99848,2.3927667835090736,0.773,26.542036771774292
615,0.0014716395677411113,0.99954,2.411778955519954,0.7727,26.808325052261353
616,0.0002528931098272679,0.99996,2.399913342693184,0.7744,26.548020362854004
617,6.046163572024996e-05,1.0,2.3777988666220558,0.7748,26.741503477096558
618,0.0010842171266645714,0.99974,2.465218628509135,0.7674,26.652740240097046
619,0.004867789060349389,0.99884,2.3690118850031987,0.7687,26.641770601272583
620,0.0039189525356974324,0.99878,2.357069332388383,0.7714,26.45327377319336
621,0.002899822846066317,0.99892,2.283563960956622,0.7765,26.71856427192688
622,0.0012630664133263586,0.99968,2.3482637179048758,0.7749,25.56564736366272
623,0.00034536265890854447,0.9999,2.3287442786784114,0.7787,24.34590792655945
624,0.0015158674492605096,0.99954,2.346770862989788,0.7735,24.230217695236206
625,0.0032263938239252975,0.9991,2.3107250713849368,0.7769,24.218249559402466
626,0.0020672235626447884,0.99938,2.4222591994683955,0.7731,24.188329458236694
627,0.0016226667948295614,0.9995,2.3917514689360995,0.7731,24.260137796401978
628,0.0004318737633443494,0.9998,2.433422046371653,0.778,25.626484394073486
629,0.0006153449114016877,0.99982,2.535521439359158,0.7679,26.51211643218994
630,0.0020853312843894553,0.99926,2.5699068353145935,0.7723,26.508127212524414
631,0.00467523916792505,0.99866,2.345529906357391,0.7691,26.555002212524414
632,0.003361059438813139,0.99884,2.368146187142481,0.7756,26.64974856376648
633,0.002066594984781401,0.99918,2.4151442096203186,0.7768,26.639775276184082
634,0.0007764009289975739,0.9997,2.361448358508605,0.7761,26.686649799346924
635,0.00169786521714677,0.99946,2.3837285720849337,0.7717,26.600879430770874
636,0.00133779805487877,0.99958,2.4593361782122263,0.7734,26.66770100593567
637,0.0030207222963043877,0.99906,2.414303243914737,0.773,26.594895362854004
638,0.0027399887456875656,0.9992,2.3661397076860258,0.7697,26.658724069595337
639,0.0014295448508885055,0.99956,2.378490192980706,0.7734,26.622820615768433
640,0.0008318637295638788,0.9997,2.433724840985069,0.7752,26.57494854927063
641,0.000438306320079903,0.99988,2.4427999620196186,0.7727,26.57594585418701
642,0.0004065170559405487,0.99986,2.5553585690788077,0.7768,26.514111757278442
643,0.004219015815447504,0.99878,2.605640726753428,0.7641,26.64974808692932
644,0.005759443643728038,0.99828,2.402466352981857,0.7707,26.56896448135376
645,0.0012839433512399317,0.99952,2.288826707043225,0.7768,26.70260763168335
646,0.000457018062632188,0.9999,2.3468025047567824,0.7778,26.571956634521484
647,0.001353378406129207,0.99962,2.386723525916474,0.7739,26.610852241516113
648,0.0014059234450609591,0.9996,2.4382038025916377,0.7723,26.444298267364502
649,0.0017362915572258827,0.99938,2.5031574481650245,0.7712,26.411386013031006
650,0.003163553011608587,0.9991,2.3988590315927434,0.7772,26.551012754440308
651,0.000810025928607309,0.9998,2.4319059878964966,0.7789,26.653738021850586
652,0.0005888389292563076,0.99988,2.42278254032135,0.7774,24.97123622894287
653,0.0003220438947320184,0.99994,2.5711376501035086,0.7758,24.199300289154053
654,0.0027671458554318746,0.99912,2.660744890382018,0.7642,24.288063049316406
655,0.005138200745336825,0.99836,2.423721618290189,0.7741,24.30501699447632
656,0.002611865852781783,0.99906,2.4851010841659353,0.7753,24.293050289154053
657,0.001950956036576394,0.99932,2.4744054893904095,0.7774,24.22622776031494
658,0.0013842565341259864,0.99966,2.467905869966821,0.7744,25.954607009887695
659,0.0004645556200776372,0.99986,2.440142921254605,0.7815,26.61484122276306
660,0.00042462460044133876,0.99984,2.4865488025206552,0.7771,26.786383390426636
661,0.0005611337042922767,0.99982,2.535087137282649,0.7774,26.674681901931763
662,0.0022178087050540723,0.99946,2.652273498003996,0.7686,26.57594609260559
663,0.005559213470258397,0.99858,2.4494393113293227,0.7674,26.623817920684814
664,0.0030090195062504117,0.999,2.4642550477498695,0.7635,26.55799388885498
665,0.0030750354960209815,0.99904,2.335183555566812,0.7711,26.659721851348877
666,0.0017623667067504917,0.99948,2.3197361034683035,0.7731,26.602874040603638
667,0.0007327874710682563,0.99978,2.413491359239892,0.7747,26.578938007354736
668,0.0007064874032261874,0.99986,2.449831481221356,0.777,26.617834091186523
669,0.0007996065202172036,0.99972,2.461194993574408,0.7769,26.63977551460266
670,0.0012662541781944137,0.99954,2.4917495899562594,0.7737,26.73056411743164
671,0.0033364367078385993,0.99896,2.509596387042275,0.7716,26.418335437774658
672,0.0036532265711351386,0.99886,2.4048576822763756,0.7742,26.571956396102905
673,0.0012013474595035456,0.99954,2.380794869193548,0.7707,26.415375471115112
674,0.0008945854342730115,0.99976,2.4441136800790133,0.7735,26.65672993659973
675,0.001286247635525541,0.99958,2.4351535824280752,0.7698,26.508127212524414
676,0.0013616031267917508,0.99948,2.419276015667976,0.7699,26.52308702468872
677,0.0004327590217703591,0.99986,2.4977208440062366,0.7729,26.768460750579834
678,0.0032226916792150837,0.999,2.466232219828835,0.772,26.53901505470276
679,0.003279835334909797,0.99912,2.4317709222624573,0.7744,26.605866193771362
680,0.001615089337075323,0.99954,2.393018360379376,0.7755,26.59888482093811
681,0.0005980013182718624,0.99972,2.41946067085749,0.778,26.45826029777527
682,0.0004613210383379568,0.99986,2.399084066288381,0.7768,24.93732738494873
683,0.0018892779265281883,0.99944,2.466439381430421,0.7757,24.25515055656433
684,0.002631712516654203,0.9991,2.506493589546107,0.7722,24.142452001571655
685,0.0016030159987314697,0.99944,2.5553084626982483,0.7727,24.225230932235718
686,0.002577469516869428,0.9992,2.556594580411911,0.7752,24.342916250228882
687,0.001634472175528409,0.9994,2.530453579335273,0.7731,24.2621328830719
688,0.0019190134350975149,0.9993,2.5514163156098957,0.774,26.23385977745056
689,0.0007989218434900818,0.99978,2.532669218280647,0.7765,26.750479698181152
690,0.0008163896703432282,0.99964,2.5719958966291405,0.7743,26.665705680847168
691,0.002145784122878531,0.99944,2.6731547026694575,0.7659,26.5569965839386
692,0.003946090405605346,0.99876,2.5913281018220924,0.7709,26.623817682266235
693,0.0027782836462447685,0.99926,2.364854006073143,0.7753,26.651743173599243
694,0.0009467748841736522,0.99974,2.453718008874338,0.7738,26.73152995109558
695,0.00058320976461293,0.99984,2.4711948821816265,0.7755,26.71258044242859
696,0.0018494428688900534,0.99952,2.505596136745018,0.772,26.699615478515625
697,0.0031295120657339084,0.99888,2.5060551272162908,0.7699,26.703604698181152
698,0.003956178177011597,0.9989,2.5670325393918194,0.7703,26.61883044242859
699,0.0016193419812541784,0.99942,2.477224268490755,0.7729,26.698617935180664
700,0.0006280578985098373,0.9998,2.505017540122889,0.7739,26.380467653274536
701,0.0005811547585045877,0.99978,2.4964625624161734,0.7739,26.674682140350342
702,0.0008207319351763608,0.99976,2.518514165395423,0.7761,26.75446891784668
703,0.0018388477550172527,0.99932,2.570836254313022,0.7723,26.7075936794281
704,0.0037106997866979564,0.99874,2.533851774432991,0.7669,26.568964958190918
705,0.004770303456041347,0.99846,2.3409102868430223,0.771,26.633790969848633
706,0.004957133389237654,0.99904,2.373266967037056,0.774,26.64077353477478
707,0.0008337278601097134,0.99968,2.403873961183089,0.7759,26.55699586868286
708,0.00013616814497692265,1.0,2.3591631296314772,0.7787,26.56298065185547
709,9.326477893891107e-05,0.99998,2.37272913395604,0.7793,26.68268346786499
710,7.936196897551407e-05,0.99998,2.444055560268933,0.7792,26.59387493133545
711,5.677849485021978e-05,1.0,2.4509802860549734,0.7787,26.555999994277954
712,0.0007194248120530425,0.99974,2.625805593744109,0.7703,24.320974349975586
713,0.007991008034514437,0.99794,2.3399609282046936,0.7683,24.293049335479736
714,0.0028146910844743453,0.99892,2.2276355307313462,0.7744,24.303022861480713
715,0.0015468340938040248,0.99954,2.2493288441549373,0.7783,24.39278292655945
716,0.0007364660553180573,0.99976,2.325790187980555,0.7749,24.253156423568726
717,0.00031853858567582207,0.99994,2.3798031867304936,0.7785,24.452622413635254
718,0.0002817633332604848,0.9999,2.3813883926295025,0.7815,26.838244676589966
719,3.804108743718497e-05,1.0,2.3646134605890587,0.7813,26.629801988601685
720,0.0030458662136089126,0.9991,2.4538057574742957,0.7693,26.590906143188477
721,0.006086961429724639,0.99814,2.2899043378950674,0.7747,26.584922075271606
722,0.0029675045688099186,0.99928,2.182257259948344,0.7751,26.554006576538086
723,0.0008557651348853381,0.99974,2.2558747288546983,0.7698,26.675679445266724
724,0.000449381991526755,0.99984,2.3691359456581407,0.7725,26.577940702438354
725,0.0006332625498906071,0.99978,2.422456439537338,0.7735,26.764442443847656
726,0.0008868078406913761,0.99978,2.4211809122109713,0.7774,26.60786008834839
727,0.0036528892956766575,0.99892,2.344593390633788,0.7728,26.7415030002594
728,0.002715590997668722,0.99902,2.437753712074666,0.7699,26.596890449523926
729,0.0012361632052572996,0.99962,2.4036507500877864,0.7733,26.653737783432007
730,0.0005859668979855324,0.99978,2.561091487920737,0.7734,26.592900276184082
731,0.0005900815143312056,0.99974,2.522233753264705,0.7733,26.4991512298584
732,0.0026304337680667952,0.99906,2.546805437607101,0.7679,26.617834091186523
733,0.0036067567825619085,0.99882,2.4590915894206566,0.7729,26.755465984344482
734,0.0025266649063010365,0.99918,2.4176145233685458,0.7748,26.536052465438843
735,0.001782879920594753,0.99952,2.3980302207077604,0.7732,26.613844871520996
736,0.0016075894051353948,0.99946,2.4141984348055683,0.7731,26.725546836853027
737,0.0018591654592269293,0.99956,2.3465847440912753,0.774,26.581929206848145
738,0.0019226950248749778,0.99938,2.403759733031068,0.774,26.664708614349365
739,0.000808371366206123,0.99972,2.3939560425432425,0.7745,26.57494878768921
740,0.0011864013562008968,0.99962,2.410949360720719,0.7697,26.74848484992981
741,0.0015258969619304722,0.99936,2.478459495532362,0.7744,26.32062816619873
742,0.0017075023377474139,0.9996,2.5056846141815186,0.7786,24.30701208114624
743,0.0008068920285032518,0.99972,2.5844351626649686,0.7757,24.242185831069946
744,0.0012756595498548786,0.99966,2.692711772797983,0.7712,24.259140014648438
745,0.007227725861518963,0.9981,2.485359689857386,0.7718,24.18733239173889
746,0.0010596117102513608,0.99966,2.509520164018945,0.7772,24.280084371566772
747,0.0006685920796902846,0.9997,2.52632885190505,0.7773,24.781742811203003
748,0.001011880285440685,0.99974,2.546733800368973,0.7776,26.676676511764526
749,0.0008981066569397656,0.99968,2.5179862629009198,0.7759,26.588911771774292
750,0.00248706802970157,0.99912,2.6288154547727562,0.7695,26.757460117340088
751,0.00179356600049623,0.99936,2.6156993757320355,0.776,26.59888458251953
752,0.0011307668400844365,0.9997,2.511632391169101,0.7746,26.622820377349854
753,0.001261612656680537,0.99968,2.562032111083405,0.7706,26.813310861587524
754,0.0014907168797059782,0.99948,2.621320285374605,0.7718,26.58492159843445
755,0.0013878180752659383,0.99954,2.6860764675502535,0.7684,26.543034553527832
756,0.002577414017688425,0.99934,2.629793290850482,0.7687,26.629801273345947
757,0.0017171893054088523,0.99938,2.5626362290563462,0.7753,26.62182331085205
758,0.0018500455547471708,0.9994,2.567781704890577,0.7756,26.631796836853027
759,0.0014100177327131505,0.9996,2.5980002472672283,0.7737,26.631796836853027
760,0.0006302920783797248,0.9998,2.5671390189400203,0.7736,26.542036294937134
761,0.0010690759265647794,0.99966,2.5897141302688214,0.7728,26.555999517440796
762,0.0027118872753699656,0.99924,2.6442755596547185,0.7711,26.643765687942505
763,0.0022659528081316683,0.99932,2.474154903918882,0.7739,26.45825958251953
764,0.0021873472600264653,0.99936,2.566969996766199,0.7728,26.625812292099
765,0.0016570796260405197,0.9994,2.5815835829022564,0.7754,26.555001735687256
766,0.00046650346251581455,0.9998,2.56432176994372,0.7755,26.755465984344482
767,0.0015170256455352825,0.9996,2.476185904273504,0.7771,26.4991512298584
768,0.0020170693561076514,0.99948,2.5328588319730154,0.7738,26.55699634552002
769,0.0020782884611482686,0.99936,2.583893419821051,0.7725,26.56896471977234
770,0.0010042615874813292,0.99974,2.5684755542610267,0.7758,26.52408456802368
771,0.0008206145929790482,0.99968,2.6414712199681922,0.7758,26.029407024383545
772,0.0018909380254458971,0.99962,2.5454306934453266,0.7719,24.294047355651855
773,0.003466837526004716,0.999,2.4935665432410903,0.7743,24.297038555145264
774,0.0022522342434494365,0.99924,2.5444894727272325,0.7705,24.366852283477783
775,0.0019028370739037023,0.9993,2.54820178128496,0.7736,24.38181185722351
776,0.0006968082688706312,0.9998,2.504094689707213,0.7796,24.373833656311035
777,0.0005992295739775965,0.99992,2.4573227061501033,0.7787,24.915385484695435
778,5.773609517710608e-05,1.0,2.485410611840743,0.7789,26.5919029712677
779,2.9739901596331475e-05,1.0,2.6225847428358056,0.78,26.727540969848633
780,1.780475075167317e-05,1.0,2.528835621061204,0.7808,26.629801988601685
781,2.5116262641465486e-05,1.0,2.489025194622293,0.7811,26.65573239326477
782,0.003527716505603946,0.99896,2.852282059343555,0.7644,26.60885787010193
783,0.006346410393219208,0.99808,2.5957141163982924,0.7709,26.706596851348877
784,0.002500074589953908,0.99908,2.581110456321813,0.7738,26.50613260269165
785,0.0006144626293769393,0.99982,2.5799768240768697,0.7762,26.57494831085205
786,0.000578232049039895,0.99986,2.621136863020402,0.7772,26.5569965839386
787,0.0002473496302017778,0.99994,2.687380517585368,0.7762,26.641770124435425
788,0.0024750823644778402,0.99938,2.6683527638640583,0.7713,26.548020601272583
789,0.002277734154491725,0.9993,2.551231609115118,0.7736,26.669695138931274
790,0.001727780106364389,0.99934,2.5023002051099947,0.7726,26.778404474258423
791,0.0008038157365874499,0.99974,2.540739154513878,0.7715,26.743497848510742
792,0.0007174611279054943,0.9997,2.613798850699316,0.7751,26.6736843585968
793,0.0035265650237210305,0.99886,2.5713762527779687,0.7714,26.56497550010681
794,0.0017131833318932955,0.99948,2.522494766578267,0.7743,26.790372610092163
795,0.000457084615895208,0.9999,2.5890633667571636,0.7711,26.59888458251953
796,0.0013596337528250315,0.99958,2.622834498369241,0.7723,26.610852479934692
797,0.0022456014420066247,0.99938,2.6551123238817045,0.7687,26.47721004486084
798,0.00667291776952149,0.99824,2.5145221043236647,0.772,26.5929012298584
799,0.001431432007040033,0.99946,2.4923269047012813,0.7726,26.5679669380188
800,0.0005440914037690379,0.99988,2.4334636639945115,0.7722,26.57494831085205
801,0.00011181911630243224,0.99998,2.5160509619531752,0.7739,25.557668209075928
802,3.968281455901043e-05,1.0,2.4453341960906982,0.7763,24.196308612823486
803,4.445820034208094e-05,1.0,2.473383108271828,0.775,24.297038793563843
804,2.59076129926107e-05,1.0,2.495991955829572,0.7755,24.39377999305725
805,6.029455721113113e-05,0.99998,2.488392300243619,0.7766,24.374830722808838
806,3.210293210184644e-05,1.0,2.5906634436377995,0.7744,24.18533754348755
807,0.0022363931370514294,0.99942,2.7696564288078984,0.7621,25.51179075241089
808,0.008256642093871258,0.99738,2.4497167988668513,0.7721,26.56497550010681
809,0.0021903913734166837,0.99934,2.439489986323103,0.7716,26.62182331085205
810,0.0007226283685150035,0.99974,2.4307311969467356,0.7735,26.827275037765503
811,0.00028786015139144807,0.99994,2.432567190520371,0.7752,26.618830680847168
812,8.7377271757983e-05,1.0,2.523051900199697,0.7754,26.542035818099976
813,0.0001164641882776945,0.99996,2.5315906367724454,0.7767,26.60791516304016
814,5.4406309084520856e-05,1.0,2.4692777349979065,0.7768,26.55998921394348
815,0.0006199389416873323,0.99986,2.685921878754338,0.7665,26.665705919265747
816,0.0077101962652291215,0.99778,2.443231265001659,0.7733,26.761449337005615
817,0.0018186886432424514,0.9993,2.509572641758979,0.7723,26.77641010284424
818,0.0006052074825230001,0.9998,2.475252373309075,0.7729,26.594895601272583
819,0.0003200160193325087,0.99992,2.5554304379451125,0.7711,26.673684120178223
820,0.000689563699315195,0.99978,2.672000337250625,0.7669,26.504137992858887
821,0.0024356132047506866,0.9991,2.6750839812846126,0.766,26.62082600593567
822,0.0050234744139526655,0.9991,2.629699980156331,0.7668,26.734521865844727
823,0.0023302439508866043,0.99914,2.4447003074839144,0.7719,26.47920536994934
824,0.0007140087747825244,0.99972,2.5346869049192984,0.7712,26.5679669380188
825,0.0007614191748799417,0.99988,2.516876459121704,0.7715,26.71357798576355
826,0.000644752440242991,0.99984,2.5748737326151208,0.775,26.49416446685791
827,0.0030855622660701737,0.99926,2.6909102035474173,0.7696,26.520095825195312
828,0.0038480084982953936,0.99902,2.517499255228646,0.7718,26.614842176437378
829,0.0009100229808645202,0.99968,2.5152596793597257,0.7772,26.848217964172363
830,0.000674341957872796,0.99976,2.507834200617633,0.777,26.530068397521973
831,0.0010859453037550127,0.9996,2.6717041761060303,0.7745,25.234532594680786
832,0.0009867344545891191,0.99954,2.7012825600708585,0.7759,24.256147861480713
833,0.001699890720834441,0.9993,2.7034347510036034,0.7703,24.344910621643066
834,0.0026285249864678004,0.99916,2.634632889228531,0.7728,24.282078981399536
835,0.001933912326165292,0.9994,2.539777398109436,0.7752,24.34790301322937
836,0.0009770287670213555,0.99966,2.5188661481760724,0.7751,24.394776821136475
837,0.00042296231166205676,0.9998,2.632145777533326,0.7698,25.774089813232422
838,0.0004022128550576142,0.9999,2.600334242929386,0.7741,26.791370391845703
839,0.0012939061230589535,0.99968,2.669974563997003,0.7698,26.67867112159729
840,0.0037172932237600235,0.99878,2.6589959512783,0.7667,26.577940702438354
841,0.003120141156053934,0.99904,2.5390932356254963,0.7735,26.671689987182617
842,0.002785071287646829,0.99918,2.5757343889791753,0.7747,26.57694411277771
843,0.0013396901722731943,0.99946,2.6319957745226126,0.7731,26.59788703918457
844,0.0005138250569365168,0.99984,2.574825054482569,0.776,26.545028924942017
845,0.0001526598489225712,0.99994,2.548180743108822,0.7775,26.716569662094116
846,9.072615053461239e-05,0.99998,2.5945354850986337,0.7764,26.700612545013428
847,9.153061281901656e-05,0.99998,2.651255852059473,0.7754,26.718564748764038
848,0.004658602430331056,0.99908,2.850433980362325,0.7616,26.73651647567749
849,0.005765750063114615,0.99838,2.635331267043005,0.7702,26.641769409179688
850,0.0011557705836500334,0.99958,2.5877981287769125,0.7744,26.709588766098022
851,0.0007740183535400718,0.99978,2.6208901239346853,0.7737,26.562981128692627
852,0.00030931295620341306,0.9999,2.629367629938488,0.7751,26.59688949584961
853,0.00013756724037972834,0.99996,2.663917835754684,0.7749,26.826276540756226
854,6.993899564432643e-05,0.99998,2.6610519554041607,0.7777,26.544031381607056
855,9.819354213514443e-05,0.99994,2.718357867832425,0.776,26.578938245773315
856,0.0001334660969822707,0.99998,2.815585905992532,0.7716,26.808324575424194
857,0.0001835138409370035,0.99996,2.762881606440001,0.774,26.671689987182617
858,0.008287859950058214,0.9978,2.6588076941574674,0.7749,26.533060789108276
859,0.006967282146249086,0.99812,2.4102784576295297,0.7755,26.635786056518555
860,0.001109100192465571,0.99954,2.3855432694471337,0.7806,26.644761562347412
861,0.00045870956958921484,0.99988,2.450630385664445,0.7787,24.998164415359497
862,0.002684436310904104,0.99934,2.4972960616968853,0.7735,24.315988302230835
863,0.000825330999007487,0.99974,2.5731455253649362,0.7715,24.22722578048706
864,0.001120917951739419,0.9996,2.5417978522143785,0.7717,24.187332153320312
865,0.0012439925216731098,0.99956,2.4902759081200707,0.772,24.155417442321777
866,0.0002686243309979924,0.99994,2.5672319056112554,0.7748,24.2621328830719
867,0.000209786204362134,0.99996,2.5479920951625967,0.777,26.103209733963013
868,0.0006326092501675321,0.99982,2.545755956746355,0.7796,26.532063245773315
869,0.002586021678905625,0.99926,2.5435347360900686,0.7749,26.583924293518066
870,0.0032420014950694785,0.999,2.6244454278221614,0.7708,26.680665731430054
871,0.002866834084025069,0.99922,2.4433126887188683,0.7747,26.473220586776733
872,0.0018259041255468099,0.9994,2.518975897680355,0.7707,26.79436206817627
873,0.0007905562233526258,0.99978,2.536208748817444,0.7775,26.698617458343506
874,0.0007967420651455839,0.99974,2.5252581638625906,0.7768,26.73751401901245
875,0.00137279151466892,0.9996,2.5296429335316524,0.7757,26.55101180076599
876,0.0032823780157502274,0.9991,2.5920948318288297,0.7681,26.70160961151123
877,0.0027426607028129767,0.99922,2.4927541123160832,0.7758,26.626810312271118
878,0.0007396785618607471,0.99978,2.471718416938299,0.7756,26.70160984992981
879,6.858141373475823e-05,1.0,2.470030016536954,0.777,26.582927942276
880,9.805736799042933e-05,0.99996,2.4735106742834745,0.7783,26.674681186676025
881,4.539529158569443e-05,1.0,2.5514246738409696,0.779,26.422356605529785
882,3.3452624012962956e-05,1.0,2.4704328624508047,0.7775,26.690639972686768
883,1.3269322188255368e-05,1.0,2.5293514517289175,0.7783,26.648751258850098
884,1.453687956459286e-05,1.0,2.5038580200340173,0.7783,26.560985326766968
885,4.5227784223200504e-05,1.0,2.6241788094556786,0.7774,26.66770029067993
886,0.008040335640918684,0.99812,2.4271304773378977,0.7701,26.755465984344482
887,0.0024619761906900634,0.99914,2.4146667002122615,0.7761,26.65074610710144
888,0.0010530794111905629,0.99962,2.4226079560533353,0.7737,26.66171646118164
889,0.001180416012821332,0.99956,2.5876291311239896,0.7779,26.65573239326477
890,0.0013052688829726007,0.9996,2.624556960938852,0.7766,26.69063973426819
891,0.0012987926832244696,0.99948,2.6374132701113253,0.776,24.68300700187683
892,0.00322856203772719,0.99906,2.5937276112882395,0.778,24.32995080947876
893,0.0008522047675068142,0.99978,2.5424466359464426,0.7794,24.29005742073059
894,0.00044876247447020164,0.99986,2.572239511375186,0.7801,24.349897384643555
895,0.0003475495123527096,0.99986,2.624705783928497,0.782,24.305017709732056
896,0.00034486942227424084,0.99992,2.600476108019865,0.7799,24.313993215560913
897,0.0029739587281231495,0.99914,2.6121327483767196,0.7737,26.438313484191895
898,0.0032549500024344835,0.99892,2.739045392108869,0.7717,26.532063961029053
899,0.0016158695865976403,0.9994,2.668347772163681,0.7744,26.611849546432495
900,0.0010294997904686928,0.9996,2.6577966288675237,0.7781,26.55799388885498
901,0.0004903688696996607,0.99986,2.6772056169147733,0.7822,26.635785818099976
902,0.0002232307738076408,0.99992,2.6625121062314965,0.7811,26.53605341911316
903,0.0009162512073950031,0.99982,2.6848631161677687,0.7723,26.567001819610596
904,0.0037275013630559428,0.999,2.6048331260681152,0.7771,26.52704405784607
905,0.001548919687571854,0.99952,2.718673094163967,0.7791,26.514111280441284
906,0.00048710368549082476,0.99982,2.7886204523376272,0.7779,26.4792377948761
907,0.00296592685296534,0.99908,2.7392228404177894,0.7675,26.45623278617859
908,0.002041934668195312,0.99936,2.7194810305969623,0.7753,26.41537594795227
909,0.0005933557354550259,0.99974,2.6307065818883197,0.7796,26.565972328186035
910,0.0008001717570519643,0.99966,2.6392451162579693,0.7755,26.577940940856934
911,0.0008153513714612209,0.99972,2.584874032418939,0.7779,26.60187602043152
912,0.0010105990527822801,0.99962,2.7570858046978333,0.7768,26.62282085418701
913,0.0026189180754472353,0.99936,2.7796541603305673,0.7754,26.699615478515625
914,0.001147425470434056,0.9997,2.76330245182484,0.7751,26.410388231277466
915,0.005651977110278451,0.9984,2.573992761630046,0.7737,26.434324979782104
916,0.0020688610005101323,0.99932,2.566322036936313,0.7756,26.46025514602661
917,0.0010453190793747414,0.99966,2.4911344443695453,0.7754,26.56896448135376
918,0.0009619460005257171,0.99972,2.544510349442687,0.7787,26.549018144607544
919,0.000954066906988261,0.99978,2.568106689030611,0.7743,26.514111280441284
920,0.0012497856035912076,0.9997,2.541804616964316,0.7763,26.484191179275513
921,0.0003856906332054347,0.99986,2.610854584959489,0.7741,24.288063049316406
922,0.00026235844205781155,0.99992,2.573674938346766,0.7776,24.29005742073059
923,0.0003618199409891098,0.99982,2.707099229474611,0.7778,24.2262282371521
924,0.0002566422214198935,0.9999,2.688083281999902,0.7792,24.234206914901733
925,0.00017664617649216951,0.99994,2.7145023783550988,0.777,24.366852045059204
926,0.0016582078344284088,0.99942,2.9168644389019738,0.7693,24.05967354774475
927,0.00392156798018794,0.99904,2.6701261755786363,0.7755,26.674681901931763
928,0.000638860730233133,0.99986,2.6052688133867483,0.7804,26.877172231674194
929,0.0009173121882250199,0.99964,2.7146381864064857,0.7771,26.66368269920349
930,0.0006232054541388913,0.99966,2.820086308672458,0.7736,26.587913751602173
931,0.001523509672598821,0.99952,2.779266126925432,0.7764,26.663711071014404
932,0.0023649901004045193,0.99938,2.792988905423804,0.7735,26.588911056518555
933,0.0012303465217271337,0.99964,2.8634091585497314,0.7738,26.67368459701538
934,0.0048364330853946395,0.99872,2.7964650030377545,0.7718,26.72953510284424
935,0.003068254474851645,0.99912,2.625993493991562,0.7744,26.682660579681396
936,0.0005905701826870727,0.99974,2.6355602695972107,0.7779,26.546058177947998
937,0.00032812963177045504,0.99994,2.526570321638373,0.7789,26.406367301940918
938,9.364830185728259e-05,1.0,2.6174395567254174,0.7787,26.544031381607056
939,0.00011523064274052872,0.99994,2.6629168051707595,0.7772,26.581929445266724
940,7.65378566517579e-05,1.0,2.676346285433709,0.7782,26.611849308013916
941,0.00021591449610169872,0.99996,2.7976407205002216,0.7748,26.595892667770386
942,0.0011817445752738134,0.99966,2.7566791591765005,0.7721,26.608858108520508
943,0.0034451461509652117,0.99902,2.8065735856189002,0.7723,26.62681007385254
944,0.0015125336258320528,0.99956,2.7263189705112314,0.7741,26.573951482772827
945,0.000931517175674851,0.99968,2.762360403054877,0.773,26.56298041343689
946,0.000640768860680479,0.99972,2.786865857583058,0.7736,26.55200982093811
947,0.0012691369828599823,0.9996,2.9941745936116084,0.7683,26.607860565185547
948,0.0040797252936903144,0.999,2.6862152829954895,0.7756,26.439311504364014
949,0.001994273061439151,0.99948,2.6237888049475755,0.7764,26.55201029777527
950,0.0012669393108224736,0.9995,2.750632553160945,0.7761,26.5460262298584
951,0.0014053091193700744,0.9996,2.708643225174916,0.7756,24.23121476173401
952,0.001575570145723272,0.9995,2.6735224693636352,0.7751,24.551358938217163
953,0.0014031040556121569,0.99954,2.7266537298130085,0.7739,24.298036098480225
954,0.0009418734258342065,0.99968,2.782825503168227,0.7773,24.154420375823975
955,0.0005411858433147818,0.99982,2.7267164188095285,0.776,24.390788316726685
956,0.0026234276656268763,0.9992,2.618342230591593,0.7762,24.374830722808838
957,0.001948346318840159,0.99938,2.5955150233039372,0.7783,26.554004907608032
958,0.000648844884946705,0.9999,2.668840990790838,0.7781,26.56298017501831
959,0.0003302350234439941,0.99986,2.6427041790153405,0.7774,26.496161222457886
960,0.0025025093259134507,0.99922,2.6642849128457566,0.7676,26.6617169380188
961,0.0022659460791714776,0.99944,2.628634187239635,0.7721,26.63977551460266
962,0.0011768480836261688,0.99966,2.6715273766578,0.7713,26.698617458343506
963,0.004432564002579357,0.99896,2.548531200312361,0.7749,26.773417711257935
964,0.00068033899519821,0.99978,2.5496965224229835,0.777,26.73751401901245
965,0.0003242158990084001,0.9999,2.6858839294578454,0.7773,26.64575958251953
966,0.0010349049346646422,0.99968,2.645012306261666,0.7735,26.615839958190918
967,0.0006456931323830222,0.99982,2.563915435271927,0.7718,26.63079857826233
968,0.0007495334569647582,0.99974,2.758134823811205,0.7741,26.39143943786621
969,0.0016658243575371245,0.99944,2.744783250591423,0.7737,26.55599856376648
970,0.0019515209869259934,0.99944,2.703633803355543,0.7691,26.497156620025635
971,0.002435994154545631,0.99916,2.7291099602663063,0.7741,26.688644886016846
972,0.002305711275997743,0.99948,2.6816845845572557,0.7711,26.48818016052246
973,0.001585126702600794,0.99958,2.6594811889189707,0.774,26.805333137512207
974,0.0009427321026092443,0.99966,2.762152196485785,0.7736,26.558991193771362
975,0.0007026262433360286,0.99972,2.6773049152350126,0.7732,26.665706157684326
976,0.0008629868089176113,0.9997,2.730880847460107,0.7786,26.78837823867798
977,0.0031023269369862974,0.99906,2.836102718039404,0.7714,26.330601453781128
978,0.0016132324311721967,0.99954,2.6311016263841074,0.7684,26.763445138931274
979,0.0013560251250743817,0.99958,2.836497486392154,0.7728,26.569961547851562
980,0.0013814257108622754,0.9996,2.7580416760867155,0.771,26.47720980644226
981,0.001340434764386728,0.99958,2.630136830897271,0.7732,24.275097131729126
982,0.0009534218811663252,0.99964,2.6666267416145226,0.7769,24.264127016067505
983,0.0013889539864461661,0.99966,2.769199160080922,0.7791,24.119513511657715
984,0.0015450168523749978,0.99954,2.7712687631196613,0.7767,24.288063287734985
985,0.0012219415301249147,0.99964,2.7562285571158687,0.7739,24.30102801322937
986,0.0012152052002631624,0.99958,2.689787555344497,0.7746,24.47256898880005
987,0.0017926586524106775,0.99954,2.876017313969286,0.7703,26.539044857025146
988,0.004135435025187742,0.999,2.5819474579412725,0.775,26.508126974105835
989,0.001253473689850418,0.99966,2.540280408497098,0.7785,26.5938982963562
990,0.0008232875798784637,0.99978,2.6062335273887536,0.7807,26.703604459762573
991,0.0012343057104776704,0.99958,2.590761718870718,0.7785,26.65473508834839
992,0.000740107876304834,0.99972,2.625326831129533,0.7778,26.602874279022217
993,0.00024357160834815033,0.99996,2.6094734034960783,0.7797,26.705599546432495
994,0.00010627911978491867,0.99996,2.615018959286847,0.7791,26.749481678009033
995,0.0001965689611880074,0.99992,2.629247174232821,0.7756,26.617833852767944
996,0.002692798415928485,0.99932,2.6719874286953407,0.7741,26.72454857826233
997,0.0027644972317018963,0.9991,2.6536449314672734,0.7739,26.497156381607056
998,0.0008674367389069114,0.99972,2.5510267079630986,0.7752,26.637781143188477
999,0.0003560515470258716,0.9999,2.599901397016984,0.7765,26.66770029067993
1000,0.0012827278900639958,0.9998,2.721093372453617,0.771,26.641769886016846
1001,0.00045913567866475027,0.9998,2.6948437464388113,0.7767,26.641769886016846
1002,0.0009614943426593136,0.99982,2.695492503009265,0.7712,26.89512538909912
1003,0.0019092327614112488,0.9994,2.756370814540718,0.773,26.536019802093506
1004,0.001991290249036916,0.99948,2.729348356210733,0.7701,26.601876497268677
1005,0.002688193027614847,0.99922,2.647804596756078,0.7727,26.686650037765503
1006,0.001169830607666998,0.99958,2.6057980369917955,0.7761,26.560985803604126
1007,0.0008096873498627831,0.99982,2.6616680244856243,0.7744,26.75546622276306
1008,0.0029324014439893156,0.99906,2.6619279414792603,0.7724,26.670692443847656
1009,0.0011565188293835825,0.99966,2.600738599330564,0.7758,26.59788751602173
1010,0.0009070061562476909,0.99976,2.6833897346182716,0.7723,26.41539168357849
1011,0.0014279700378188776,0.99958,2.7694754268549664,0.7778,24.435651540756226
1012,0.00033750094579220553,0.99988,2.7569072352179997,0.7765,24.311001777648926
1013,8.999771886396532e-05,1.0,2.787934799737568,0.7782,24.281081438064575
1014,9.017117312218304e-05,1.0,2.7673360064059875,0.78,24.320974826812744
1015,5.6008232444609286e-05,0.99998,2.826614904252789,0.7812,24.43367314338684
1016,5.18630069401435e-05,0.99998,2.818189028697678,0.7799,24.807674169540405
1017,0.007249765996802294,0.99816,2.9272686997546424,0.7654,26.592900037765503
1018,0.003116238108703164,0.99912,2.6550254338904273,0.7736,26.60187578201294
1019,0.0009460870376565073,0.9997,2.7058676933940453,0.7767,26.760452270507812
1020,0.0008136677244560469,0.9997,2.7023837490926814,0.7765,26.667701244354248
1021,0.0007806539650314802,0.99978,2.652585550199581,0.7731,26.62581205368042
1022,0.00034506543575210804,0.9999,2.6615240045740634,0.775,26.755465745925903
1023,5.7379181685219496e-05,0.99998,2.6656000599076477,0.7748,26.4413058757782
1024,3.010362702769773e-05,1.0,2.699497562420519,0.7745,26.651742696762085
1025,0.003055120065173729,0.99924,2.7563629874700233,0.7688,26.779402256011963
1026,0.0038326079757752822,0.9989,2.6336634174177918,0.7765,26.775412797927856
1027,0.000893597437608702,0.99972,2.6264259603959097,0.7796,26.732527017593384
1028,0.000106347963403479,0.99998,2.606889818288103,0.7814,26.587913513183594
1029,7.754004277032577e-05,0.99998,2.607485270575632,0.7802,26.660719394683838
1030,0.00011866967744198662,0.99994,2.7070696097386033,0.7787,26.62680983543396
1031,0.0017548171763980029,0.9995,2.766454071938237,0.7741,26.485188484191895
1032,0.0042961644479320915,0.9986,2.649982533877409,0.7731,26.80533242225647
1033,0.0011146574696276736,0.99954,2.74824888796746,0.7763,26.658724308013916
1034,0.00048180156890425743,0.99982,2.6833045467545715,0.7776,26.680665969848633
1035,0.00040838854333563417,0.9999,2.7515686478795884,0.7765,26.844228744506836
1036,0.001474553250554337,0.99958,2.8118468779551833,0.7729,26.56497573852539
1037,0.004139258157502628,0.99886,2.764798404295233,0.7741,26.612846851348877
1038,0.0026392196399681925,0.99922,2.6281938386868826,0.7785,26.439311742782593
1039,0.0013626385284888712,0.99954,2.6332388874850694,0.7786,26.650745630264282
1040,0.0005075450026902086,0.99982,2.6787545288665386,0.7787,26.162051916122437
1041,0.001318197521951036,0.9996,2.76298859904084,0.7763,24.37084126472473
1042,0.0006167350675030705,0.99974,2.779472296750998,0.7759,24.343913793563843
1043,0.0008133854711992219,0.99972,2.809954566291616,0.775,24.328953742980957
1044,0.0003334472913651079,0.99992,2.835048817381074,0.7769,24.348899841308594
1045,0.0002583729016595636,0.9999,2.800850616602958,0.779,24.37782382965088
1046,0.00015891783264844106,0.99996,2.94235620166682,0.7803,25.049027681350708
1047,0.0001512848708608559,0.99996,2.90551836430272,0.7774,26.560985803604126
1048,0.002877591843524246,0.9991,3.071843480762047,0.7663,26.700641632080078
1049,0.0047307191471127556,0.99866,2.7709917599641822,0.7752,26.65570378303528
1050,0.001644286480118584,0.99946,2.728788179687307,0.7758,26.600879430770874
1051,0.0011115140095197722,0.99964,2.8187291395815115,0.7744,26.66670250892639
1052,0.00020580366658676846,0.99992,2.781158932402164,0.7776,26.719562292099
1053,0.0006319469863224089,0.99978,2.795008888727502,0.7701,26.657727241516113
1054,0.002866637005031644,0.9992,2.6906082132194618,0.7743,26.664708614349365
1055,0.0013070178638493483,0.99956,2.7746014051799532,0.7755,26.63179636001587
1056,0.00031380488336785564,0.99994,2.8136616552932354,0.7736,26.625812530517578
1057,0.00022370564128566825,0.99994,2.7090319545963144,0.7728,26.573951244354248
1058,0.0004662368018178495,0.9998,2.8413749697405986,0.7754,26.673685312271118
1059,0.0018223436751762584,0.99942,2.966424281084085,0.7686,26.625814199447632
1060,0.002689200969240063,0.99906,2.879935794238803,0.7715,26.493167877197266
1061,0.0011660916518928604,0.99968,2.7897655477252186,0.7734,26.859188556671143
1062,0.001368227277752634,0.99958,2.9039633817310575,0.7742,26.422356367111206
1063,0.0013904863414284045,0.9996,2.734887283059615,0.7731,26.56996202468872
1064,0.0007407252478371948,0.99972,2.768769167646577,0.7712,26.752474546432495
1065,0.00022694412810955012,0.99994,2.842668380918382,0.7716,26.746489763259888
1066,0.00036266379549072027,0.99986,2.815893334678457,0.7732,26.59290075302124
1067,0.0009337300224455638,0.9998,2.839265470263324,0.7725,26.697620630264282
1068,0.0017195069265691272,0.99932,2.80873244321799,0.7696,26.899081468582153
1069,0.001622977632021278,0.9994,2.8326290679883352,0.775,26.471226453781128
1070,0.0023854704890382003,0.99932,2.7922874357126934,0.7705,25.85986018180847
1071,0.0012446141902874084,0.99962,2.8368860664246958,0.7735,24.187332153320312
1072,0.0005893704476034244,0.99984,2.8094664178317106,0.773,24.29604148864746
1073,0.001161487591249286,0.99954,2.914730369290219,0.7719,24.13946008682251
1074,0.0027618222988291955,0.99936,2.7412618338307246,0.7723,24.299033641815186
1075,0.0013568517085862841,0.99948,2.8295280586315106,0.7689,24.397769927978516
1076,0.0006413147491648305,0.99976,2.9081354246863835,0.7769,25.20162034034729
1077,0.00014416916692192532,0.99998,2.8878596749486802,0.7768,26.63778066635132
1078,8.343151883583829e-05,0.99998,2.9446689810933946,0.7774,26.543033838272095
1079,0.00011987770760572476,0.99996,2.951843845693371,0.7786,26.58093237876892
1080,0.00034732244329051823,0.99988,3.0199174071791806,0.7757,26.71956181526184
1081,0.001892078821695949,0.99952,3.0901931041403663,0.7636,26.650745630264282
1082,0.00621673890171795,0.99824,2.775758562208731,0.7743,26.74250102043152
1083,0.004367105668013283,0.9991,2.808236024047755,0.771,26.82827091217041
1084,0.0008972266278416467,0.99964,2.7304280875604365,0.7708,26.71258044242859
1085,0.0001847116583139015,0.99992,2.701284221456021,0.772,26.758457899093628
1086,0.0009865489827128125,0.99972,2.7338874008082135,0.7724,26.679668426513672
1087,0.0010477074610768038,0.99974,2.652695491344114,0.7767,26.582926988601685
1088,0.00043188361751129593,0.99976,2.6790072193628625,0.7789,26.71357822418213
1089,0.0008032998816500851,0.99976,2.752792139596577,0.7713,26.570959329605103
1090,0.0005023170392183306,0.99984,2.7286855269081984,0.7738,26.49416446685791
1091,0.00013171347626434685,0.99998,2.7170850310144545,0.7758,26.484191417694092
1092,5.0965110675724056e-05,1.0,2.677264789991741,0.7787,26.496159553527832
1093,0.0013455492497138587,0.99964,2.8243046757541124,0.7723,26.44330096244812
1094,0.0015633686194790493,0.99938,2.8557796644259104,0.7722,26.54602575302124
1095,0.0030721545894392536,0.99896,2.7545966151394423,0.7752,26.811317205429077
1096,0.0019990566265181754,0.99926,2.828358079813704,0.775,26.580932140350342
1097,0.0020679286602299537,0.99944,2.781330360641962,0.7761,26.576943397521973
1098,0.0015506857336669004,0.99952,2.7312225933316387,0.7764,26.618830919265747
1099,0.0005500240260416273,0.99982,2.7695311866229093,0.7747,26.56298065185547
1100,0.0002834897258556012,0.9999,2.7672075093547,0.7736,25.820964813232422
1101,0.0011082056216780878,0.99968,2.8820709850214703,0.7699,24.299033164978027
1102,0.0019934343528290282,0.99934,2.708680700652207,0.774,24.390788555145264
1103,0.0013647243626504354,0.99946,2.785311268854745,0.773,24.299033164978027
1104,0.0012232567685268433,0.99954,2.7063638318943073,0.7759,24.31299662590027
1105,0.0002495429981842714,0.99996,2.6975423671022245,0.7789,24.29005718231201
1106,0.0011768516987944143,0.99974,2.7171735026979746,0.7744,25.158735036849976
1107,0.0004975471513413723,0.99986,2.7218180849582336,0.7758,26.61484169960022
1108,0.0018374019449237237,0.99938,2.7615194501756113,0.7706,26.71457552909851
1109,0.0008894595456024211,0.9997,2.802045446407946,0.7763,26.713310480117798
1110,0.0004467334886839926,0.99982,2.932116428508034,0.7687,26.610852241516113
1111,0.0034719348231844987,0.99914,2.8173898805545856,0.7752,26.60194230079651
1112,0.0016093604020636875,0.99944,2.9365531613555134,0.7739,27.023748636245728
1113,0.0009364195023590336,0.99968,2.8194365561762944,0.7788,26.768431425094604
1114,0.00012537702853735618,0.99998,2.8452130541016785,0.7799,26.532062530517578
1115,0.00012239241726746513,0.99996,2.76910530162763,0.779,26.89908742904663
1116,0.0002627644543329583,0.99992,2.968178569516049,0.7763,27.057657957077026
1117,0.001994899337256326,0.99946,2.9247195132171053,0.7743,26.787381172180176
1118,0.0026802822573590126,0.9993,2.8160899847368652,0.7717,27.36982250213623
1119,0.0011257200508102987,0.99974,2.8403503864626343,0.7766,27.187309980392456
1120,0.0004491017490395826,0.9999,2.9863534003873413,0.7742,26.564054489135742
1121,0.002448553824216117,0.99918,2.9484713379340834,0.773,26.58359932899475
1122,0.003084781099650653,0.99912,2.7388193320624437,0.7747,26.434324741363525
1123,0.0019406054225273518,0.9994,2.8563077947761437,0.7715,26.4881808757782
1124,0.0010372106872785101,0.99964,2.7611849051487596,0.778,26.532063007354736
1125,0.001344285170634191,0.9996,2.7509896257255653,0.7768,26.554004669189453
1126,0.0006844133161018013,0.99974,2.771948889841007,0.7738,26.650745391845703
1127,0.00044074353954427146,0.99986,2.7118556046787696,0.7744,26.38545560836792
1128,0.0005331824967658678,0.99988,2.750136422205575,0.7763,26.714575052261353
1129,0.00039657271425979723,0.99984,2.7796766833414006,0.7794,26.47920513153076
1130,0.0010755872926081936,0.99968,2.7347201544649993,0.7768,26.35254216194153
1131,0.0030490405643726947,0.9993,2.780738353729248,0.7729,24.627929210662842
1132,0.0008517273805246907,0.99962,2.854554659203638,0.7762,24.139992237091064
1133,0.0003347361424600019,0.99988,2.8449422815178016,0.7774,24.110538005828857
1134,0.0010508844101009614,0.99972,2.8761744378488276,0.7728,24.1793532371521
1135,0.000876029000298292,0.99968,2.9387563150140306,0.777,24.68101191520691
1136,0.0015337532220150892,0.99966,2.994871230065068,0.7737,25.42302894592285
1137,0.0025692454970874883,0.99926,2.973818036102796,0.7734,26.629801511764526
